DEPTO,ENVASE,PRODUCTO_VENTA,PRECIO_VENTA,DEPT_INV,ARTICULO_INVENT,COSTO_UNIT,CANT,COSTO_PORCION,CONSUMO,
CERVEZAS,Sin Envase,MICHELADA,4.75,CERVEZA,CORONA,1.07,1,1.07,Unidad
CERVEZAS,Sin Envase,DOS XX,3,CERVEZA,DOS XX,1.07,1,1.07,Unidad
CERVEZAS,Sin Envase,CORONA,3.75,CERVEZA,CORONA,1.07,1,1.07,Unidad
CERVEZAS,Sin Envase,CHELADA,4.5,CERVEZA,CORONA,1.07,1,1.07,Unidad
CERVEZAS,Sin Envase,CARTA BLANCA,3.75,CERVEZA,CARTA BLANCA,1.07,1,1.07,Unidad
AGUAS,Sin Envase,VOLVIC,2,BEBIDAS,VOLVIC,0.42,1,0.42,Unidad
AGUAS,Sin Envase,DASANI,2,BEBIDAS,DASANI,0.42,1,0.42,Unidad
CERVEZAS,Sin Envase,SOL,3.75,CERVEZA,SOL,0.77,1,0.77,Unidad
CERVEZAS,Sin Envase,TECATE,3.75,CERVEZA,TECATE,0.77,1,0.77,Unidad
LOS ALAMBRES,Sin Envase,ALAMBRE PULPO,10,ESENCIAS,OREGANO,0.0082,0.045,3.69000014662743E-04,GRAMOS
LOS NACHOS,Sin Envase,NACHO DE LA ABUELA,17,POLLOS o AVES,PECHUGA DE POLLO,0.0047,1.364,6.4107998251915E-03,GRAMOS
LOS ALAMBRES,Sin Envase,ALAMBRE FILETE,12.5,ESENCIAS,OREGANO,0.0082,0.045,3.69000014662743E-04,GRAMOS
LOS ALAMBRES,Sin Envase,ALAMBRE CAMARON,12.5,ESENCIAS,OREGANO,0.0082,0.045,3.69000014662743E-04,GRAMOS
LOS ALAMBRES,Sin Envase,ALAMBRE LOMITO,12.5,ESENCIAS,OREGANO,0.0082,0.045,3.69000014662743E-04,GRAMOS
LOS ALAMBRES,Sin Envase,ALAMBRE PUERCO,10,ESENCIAS,OREGANO,0.0082,0.045,3.69000014662743E-04,GRAMOS
LOS ALAMBRES,Sin Envase,ALAMBRE CHORIZO,10,ESENCIAS,OREGANO,0.0082,0.045,3.69000014662743E-04,GRAMOS
LOS ALAMBRES,Sin Envase,ALAMBRE PASTOR,10,VEGETALES ,CEBOLLA,0.002,0.045,9.00000035762787E-05,GRAMOS
LOS ALAMBRES,Sin Envase,ALAMBRE CHARRO,11.5,ESENCIAS,OREGANO,0.0082,0.045,3.69000014662743E-04,GRAMOS
LOS ALAMBRES,Sin Envase,ALAMBRE MARISCOS,10,ESENCIAS,OREGANO,0.0082,0.045,3.69000014662743E-04,GRAMOS
LOS NACHOS,Sin Envase,NACHO DE LA ABUELA,17,CARNES,CARNE MOLIDA,0.0046,1.364,6.27439982891083E-03,GRAMOS
LOS ALAMBRES,Sin Envase,ALAMBRE ORALE,11.5,ESENCIAS,OREGANO,0.0082,0.045,3.69000014662743E-04,GRAMOS
TACOS,Sin Envase,TACOS DE CAMARON,10,MARISCOS,CAMARON PELADO,0.0102,3.182,3.24563992023468E-02,GRAMOS
LOS ALAMBRES,Sin Envase,ALAMBRE MAR y TIERRA,11.5,ESENCIAS,OREGANO,0.0082,0.045,3.69000014662743E-04,GRAMOS
LOS ALAMBRES,Sin Envase,ALAMBRE CHULETA,11.5,ESENCIAS,OREGANO,0.0082,0.045,3.69000014662743E-04,GRAMOS
LOS ALAMBRES,Sin Envase,ALAMBRE PASTOR,10,ESENCIAS,OREGANO,0.0082,0.045,3.69000014662743E-04,GRAMOS
TACOS,Sin Envase,TACO HUASTECO VERDE POLLO,10,VEGETALES ,CILANTRO,0.0013,0.045,5.85000023245811E-05,GRAMOS
ENTRADAS,Sin Envase,CAZUELA AZTECA CARNE,10,ESENCIAS,OREGANO,0.0082,0.045,3.69000014662743E-04,GRAMOS
TACOS,Sin Envase,TACOS CANTINFLAS,10,CARNES,CARNE MOLIDA,0.0046,0.682,3.13719991445541E-03,GRAMOS
TACOS,Sin Envase,TACOS CANTINFLAS,10,POLLOS o AVES,PECHUGA DE POLLO,0.0047,0.682,3.20539991259575E-03,GRAMOS
TACOS,Sin Envase,TACO ORALE,10,VEGETALES ,ZANAHORIA,0.001,0.273,2.73000001907349E-04,GRAMOS
TACOS,Sin Envase,TACO ORALE,10,VEGETALES ,CEBOLLA MORADA,0.002,0.182,3.63999992609024E-04,GRAMOS
TACOS,Sin Envase,TACO ORALE,10,CARNES,PUERCO LISO,0.0052,1.363,7.08760018348694E-03,GRAMOS
TACOS,Sin Envase,TACO ORALE,10,POLLOS o AVES,PECHUGA DE POLLO,0.0047,1.363,6.40610016584396E-03,GRAMOS
TACOS,Sin Envase,TACO CARNE ENCEBOLLADA,8,VEGETALES ,CEBOLLA MORADA,0.002,2.273,4.5460000038147E-03,GRAMOS
TACOS,Sin Envase,TACO HUASTECO VERDE POLLO,10,VEGETALES ,ZANAHORIA,0.001,0.273,2.73000001907349E-04,GRAMOS
LOS NACHOS,Sin Envase,NACHO DE LA ABUELA,17,CARNES,CHORIZO MEJICANO,0.0067,1.364,9.1387997508049E-03,GRAMOS
TACOS,Sin Envase,TACOS DE CHULETA,10,VEGETALES ,CEBOLLA MORADA,0.002,0.182,3.63999992609024E-04,GRAMOS
TACOS,Sin Envase,TACOS DE CHULETA,10,VEGETALES ,ZANAHORIA,0.001,0.273,2.73000001907349E-04,GRAMOS
TACOS,Sin Envase,TACOS DE CAMARON,10,VEGETALES ,ZANAHORIA,0.001,0.273,2.73000001907349E-04,GRAMOS
TACOS,Sin Envase,TACOS DE CAMARON,10,VEGETALES ,CILANTRO,0.0013,0.136,1.76800009608269E-04,GRAMOS
TACOS,Sin Envase,TACOS DE CHORIZO,8,VEGETALES ,ZANAHORIA,0.001,0.273,2.73000001907349E-04,GRAMOS
TACOS,Sin Envase,TACO CARNE ENCEBOLLADA,8,VEGETALES ,ZANAHORIA,0.001,0.273,2.73000001907349E-04,GRAMOS
LOS ALAMBRES,Sin Envase,ALAMBRE CARNE,10,ESENCIAS,OREGANO,0.0082,0.045,3.69000014662743E-04,GRAMOS
TACOS,Sin Envase,TACO CARNE ENCEBOLLADA,8,CARNES,RINCON,0.0132,3.636,4.79951989173889E-02,GRAMOS
TACOS,Sin Envase,TACO ORALE,10,CARNES,RINCON,0.0132,1.363,1.79916004657745E-02,GRAMOS
LOS NACHOS,Sin Envase,NACHOS DE CHORIZO,14,QUESOS / LECHE,CREMA CULTIVADA DE 5 LBS,0.0162,1.136,1.84032006025314E-02,GRAMOS
LOS ALAMBRES,Sin Envase,ALAMBRES POLLO,10,ESENCIAS,OREGANO,0.0082,0.045,3.69000014662743E-04,GRAMOS
TACOS,Sin Envase,TACOS DE POLLO,8,VEGETALES ,CEBOLLA MORADA,0.002,0.182,3.63999992609024E-04,GRAMOS
TACOS,Sin Envase,TACOS DE POLLO,8,POLLOS o AVES,PECHUGA DE POLLO,0.0047,3.636,1.70891996145248E-02,GRAMOS
LOS NACHOS,Sin Envase,NACHO VEGETARIANO,14,ESENCIAS,FRIJOLES NEGROS,0.0022,5.455,1.20009998321533E-02,GRAMOS
LOS NACHOS,Sin Envase,NACHO VEGETARIANO,14,QUESOS / LECHE,MONTERREY JACK,0.0066,5.455,0.03600299949646,GRAMOS
LOS NACHOS,Sin Envase,NACHO DE LA ABUELA,17,QUESOS / LECHE,CHEDAR,0.0066,2.273,1.50018000125885E-02,GRAMOS
LOS NACHOS,Sin Envase,NACHO DE LA ABUELA,17,ESENCIAS,FRIJOLES NEGROS,0.0022,5.455,1.20009998321533E-02,GRAMOS
LOS NACHOS,Sin Envase,NACHO DE LA ABUELA,17,QUESOS / LECHE,MONTERREY JACK,0.0066,2.273,1.50018000125885E-02,GRAMOS
TACOS,Sin Envase,TACO DE CARNE,8,CARNES,RINCON,0.0132,4.091,5.40012010574341E-02,GRAMOS
LOS NACHOS,Sin Envase,NACHOS DE CHORIZO,14,QUESOS / LECHE,MONTERREY JACK,0.0066,4.545,0.02999700050354,GRAMOS
TACOS,Sin Envase,TACO DE CARNE,8,VEGETALES ,CEBOLLA MORADA,0.002,0.182,3.63999992609024E-04,GRAMOS
ENTRADAS,Sin Envase,CAZUELA AZTECA MIXTA,10,POLLOS o AVES,PECHUGA DE POLLO,0.0047,0.682,3.20539991259575E-03,GRAMOS
ENTRADAS,Sin Envase,CAZUELA AZTECA MIXTA,10,ESENCIAS,OREGANO,0.0082,0.045,3.69000014662743E-04,GRAMOS
ENTRADAS,Sin Envase,CAZUELA AZTECA MIXTA,10,QUESOS / LECHE,CREMA CULTIVADA DE 5 LBS,0.0162,0.909,1.47257996678352E-02,GRAMOS
ENTRADAS,Sin Envase,CAZUELA AZTECA CHORIZO,10,VEGETALES ,CEBOLLINA,0.002,0.045,9.00000035762787E-05,GRAMOS
ENTRADAS,Sin Envase,CAZUELA AZTECA CHORIZO,10,ESENCIAS,OREGANO,0.0082,0.045,3.69000014662743E-04,GRAMOS
ENTRADAS,Sin Envase,CAZUELA AZTECA CHORIZO,10,VARIOS,TOTOPOS - NACHOS,0.0011,22,0.0242,GRAMOS
ENTRADAS,Sin Envase,CAZUELA AZTECA CHORIZO,10,QUESOS / LECHE,CREMA CULTIVADA DE 5 LBS,0.0162,0.909,1.47257996678352E-02,GRAMOS
ENCHILADAS,Sin Envase,ENCHI DE LA ABUELA,12,POLLOS o AVES,PECHUGA DE POLLO,0.0047,0.8333,3.91650997400284E-03,GRAMOS
LOS NACHOS,Sin Envase,NACHO ORALE,14,CARNES,CHORIZO MEJICANO,0.0067,4.091,2.74097005367279E-02,GRAMOS
TACOS,Sin Envase,TACOS POLLO PASTOR,8,VEGETALES ,LIMONES,0.0002,0.318,6.35999977588654E-05,GRAMOS
ENTRADAS,Sin Envase,CAZUELA AZTECA MIXTA,10,CARNES,CHORIZO MEJICANO,0.0067,0.682,4.56939987540245E-03,GRAMOS
TACOS,Sin Envase,TACOS CANTINFLAS,10,VEGETALES ,LECHUGAS,0.0013,0.909,1.1816999733448E-03,GRAMOS
TACOS,Sin Envase,TACOS DE CHORIZO,8,QUESOS / LECHE,MONTERREY JACK,0.0066,0.909,5.99939986467361E-03,GRAMOS
TACOS,Sin Envase,TACOS DE CHORIZO,8,VEGETALES ,CILANTRO,0.0013,0.136,1.76800009608269E-04,GRAMOS
TACOS,Sin Envase,TACOS DE CHORIZO,8,CARNES,CHORIZO MEJICANO,0.0067,2.727,1.82708999872208E-02,GRAMOS
TACOS,Sin Envase,TACOS AL PASTOR,8,VEGETALES ,LIMONES,0.0002,0.318,6.35999977588654E-05,GRAMOS
TACOS,Sin Envase,TACOS AL PASTOR,8,VEGETALES ,PI헤,0.0013,1.591,2.06829994916916E-03,GRAMOS
TACOS,Sin Envase,TACOS AL PASTOR,8,VEGETALES ,CILANTRO,0.0013,0.136,1.76800009608269E-04,GRAMOS
TACOS,Sin Envase,TACOS DE POLLO,8,VEGETALES ,ZANAHORIA,0.001,0.273,2.73000001907349E-04,GRAMOS
TACOS,Sin Envase,TACOS AL PASTOR,8,CARNES,PUERCO LISO,0.0052,3.182,1.65463995933533E-02,GRAMOS
TACOS,Sin Envase,TACOS CANTINFLAS,10,ESENCIAS,FRIJOLES NEGROS,0.0022,1.363,2.99860007762909E-03,GRAMOS
TACOS,Sin Envase,TACOS POLLO PASTOR,8,VEGETALES ,PI헤,0.0013,1.591,2.06829994916916E-03,GRAMOS
TACOS,Sin Envase,TACOS POLLO PASTOR,8,VEGETALES ,CILANTRO,0.0013,0.136,1.76800009608269E-04,GRAMOS
TACOS,Sin Envase,TACOS POLLO PASTOR,8,ESENCIAS,ACHIOTE,0.0012,0.318,3.81599986553192E-04,GRAMOS
TACOS,Sin Envase,TACOS POLLO PASTOR,8,POLLOS o AVES,PECHUGA DE POLLO,0.0047,3.182,1.49553996324539E-02,GRAMOS
TACOS,Sin Envase,TACOS DE PULPO,8,VEGETALES ,ZANAHORIA,0.001,0.273,2.73000001907349E-04,GRAMOS
TACOS,Sin Envase,TACOS DE PULPO,8,VEGETALES ,CILANTRO,0.0013,0.136,1.76800009608269E-04,GRAMOS
TACOS,Sin Envase,TACOS DE PULPO,8,MARISCOS,PULPO,0.0102,2.727,0.027815399980545,GRAMOS
TACOS,Sin Envase,TACO DE CARNE,8,VEGETALES ,ZANAHORIA,0.001,0.273,2.73000001907349E-04,GRAMOS
TACOS,Sin Envase,TACOS AL PASTOR,8,ESENCIAS,ACHIOTE,0.0012,0.318,3.81599986553192E-04,GRAMOS
LOS NACHOS,Sin Envase,NACHO NORTENO DE CARNE,14,QUESOS / LECHE,CHEDAR,0.0066,4.545,0.02999700050354,GRAMOS
ENCHILADAS,Sin Envase,ENCHI POLLO PASTOR,10.9,ESENCIAS,ACHIOTE,0.0012,0.318,3.81599986553192E-04,GRAMOS
ENCHILADAS,Sin Envase,ENCHI POLLO PASTOR,10.9,QUESOS / LECHE,MONTERREY JACK,0.0066,2.727,1.79981999874115E-02,GRAMOS
ENCHILADAS,Sin Envase,ENCHI ENFRIJOLADA,7,ESENCIAS,FRIJOLES NEGROS,0.0022,3.636,7.99919981956482E-03,GRAMOS
ENCHILADAS,Sin Envase,ENCHI ENFRIJOLADA,7,QUESOS / LECHE,MONTERREY JACK,0.0066,2.046,0.013503600025177,GRAMOS
ENCHILADAS,Sin Envase,ENCHI ENJITOMATADA,7,QUESOS / LECHE,MONTERREY JACK,0.0066,2.046,0.013503600025177,GRAMOS
ARROZ A LA MEXICANA,Sin Envase,ARROZ CON POLLO,8,VEGETALES ,CILANTRO,0.0013,0.045,5.85000023245811E-05,GRAMOS
ARROZ A LA MEXICANA,Sin Envase,ARROZ CON POLLO,8,VEGETALES ,CEBOLLA MORADA,0.002,0.182,3.63999992609024E-04,GRAMOS
LOS NACHOS,Sin Envase,NACHOS DE CARNE,14,ESENCIAS,OREGANO,0.0082,0.091,7.46199984848499E-04,GRAMOS
TACOS,Sin Envase,TACOS CANTINFLAS,10,CARNES,CHORIZO MEJICANO,0.0067,0.682,4.56939987540245E-03,GRAMOS
LOS NACHOS,Sin Envase,NACHO NORTENO DE CHORIZO,14,QUESOS / LECHE,CHEDAR,0.0066,4.545,0.02999700050354,GRAMOS
ENCHILADAS,Sin Envase,ENCHI POLLO PASTOR,10.9,VEGETALES ,CEBOLLA MORADA,0.002,0.182,3.63999992609024E-04,GRAMOS
LOS NACHOS,Sin Envase,NACHOS DE CHORIZO,14,ESENCIAS,OREGANO,0.0082,0.091,7.46199984848499E-04,GRAMOS
LOS NACHOS,Sin Envase,NACHO NORTENO DE POLLO,14,QUESOS / LECHE,CHEDAR,0.0066,4.545,0.02999700050354,GRAMOS
LOS NACHOS,Sin Envase,NACHO DE LA ABUELA,17,QUESOS / LECHE,CREMA CULTIVADA DE 5 LBS,0.0162,1.136,1.84032006025314E-02,GRAMOS
LOS NACHOS,Sin Envase,NACHO ORALE,14,ESENCIAS,OREGANO,0.0082,0.091,7.46199984848499E-04,GRAMOS
LOS NACHOS,Sin Envase,NACHO ORALE,14,QUESOS / LECHE,CREMA CULTIVADA DE 5 LBS,0.0162,1.136,1.84032006025314E-02,GRAMOS
LOS NACHOS,Sin Envase,NACHO NORTENO DE CHORIZO,14,QUESOS / LECHE,CREMA CULTIVADA DE 5 LBS,0.0162,1.136,1.84032006025314E-02,GRAMOS
LOS NACHOS,Sin Envase,NACHO NORTENO DE CHORIZO,14,ESENCIAS,OREGANO,0.0082,0.091,7.46199984848499E-04,GRAMOS
LOS NACHOS,Sin Envase,NACHO NORTENO DE CARNE,14,QUESOS / LECHE,CREMA CULTIVADA DE 5 LBS,0.0162,1.13,1.83059999227524E-02,GRAMOS
LOS NACHOS,Sin Envase,NACHOS DE CARNE,14,ESENCIAS,FRIJOLES NEGROS,0.0022,5.455,1.20009998321533E-02,GRAMOS
ENTRADAS,Sin Envase,TOSTADAS DE CARNE,5,VARIOS,TORTILLAS MEJICANAS (6/5 LBS),0.0001,1,0.0001,GRAMOS
ENTRADAS,Sin Envase,FUNDIDO CON CHORIZO,8.75,VARIOS,TOTOPOS - NACHOS,0.0011,22,0.0242,GRAMOS
ENTRADAS,Sin Envase,FUNDIDO CON CHORIZO,8.75,VEGETALES ,CEBOLLINA,0.002,0.045,9.00000035762787E-05,GRAMOS
ENTRADAS,Sin Envase,FUNDIDO CON POLLO,8.75,VEGETALES ,CEBOLLINA,0.002,0.045,9.00000035762787E-05,GRAMOS
ENTRADAS,Sin Envase,FUNDIDO CON POLLO,8.75,VARIOS,TOTOPOS - NACHOS,0.0011,22,0.0242,GRAMOS
ENTRADAS,Sin Envase,FUNDIDO CON CARNE,8.75,VARIOS,TOTOPOS - NACHOS,0.0011,22,0.0242,GRAMOS
ENTRADAS,Sin Envase,FUNDIDO CON CARNE,8.75,VEGETALES ,CEBOLLINA,0.002,0.045,9.00000035762787E-05,GRAMOS
ENTRADAS,Sin Envase,FUNDIDO PANCHO VILLA,10,VEGETALES ,CEBOLLINA,0.002,0.045,9.00000035762787E-05,GRAMOS
ENTRADAS,Sin Envase,FUNDIDO PANCHO VILLA,10,VARIOS,TOTOPOS - NACHOS,0.0011,22,0.0242,GRAMOS
ENCHILADAS,Sin Envase,ENCHI POLLO PASTOR,10.9,POLLOS o AVES,PECHUGA DE POLLO,0.0047,2.5,0.01175,GRAMOS
ENTRADAS,Sin Envase,FUNDIDO DE QUESO,7.75,VEGETALES ,CEBOLLINA,0.002,0.045,9.00000035762787E-05,GRAMOS
ENCHILADAS,Sin Envase,ENCHI POLLO PASTOR,10.9,VEGETALES ,CILANTRO,0.0013,0.045,5.85000023245811E-05,GRAMOS
FAJITAS,Sin Envase,FAJITA MAR Y TIERRA,11.5,CARNES,CARNE MOLIDA,0.0046,0.909,4.18139990568161E-03,GRAMOS
FAJITAS,Sin Envase,FAJITA MAR Y TIERRA,11.5,CARNES,PUERCO LISO,0.0052,0.909,4.72679989337921E-03,GRAMOS
FAJITAS,Sin Envase,FAJITA MAR Y TIERRA,11.5,MARISCOS,MARISCO MIXTO,0.0061,1.818,1.10897997498512E-02,GRAMOS
ENCHILADAS,Sin Envase,ENCHI DE LA ABUELA,12,VEGETALES ,CEBOLLA MORADA,0.002,0.182,3.63999992609024E-04,GRAMOS
ENCHILADAS,Sin Envase,ENCHI DE LA ABUELA,12,VEGETALES ,CILANTRO,0.0013,0.091,1.18299997597933E-04,GRAMOS
ENCHILADAS,Sin Envase,ENCHI DE LA ABUELA,12,VEGETALES ,LECHUGAS,0.0013,0.909,1.1816999733448E-03,GRAMOS
ENCHILADAS,Sin Envase,ENCHI DE LA ABUELA,12,QUESOS / LECHE,CHEDAR,0.0066,0.682,4.50119987726212E-03,GRAMOS
ENCHILADAS,Sin Envase,ENCHI DE LA ABUELA,12,QUESOS / LECHE,MONTERREY JACK,0.0066,2.727,1.79981999874115E-02,GRAMOS
LOS NACHOS,Sin Envase,NACHO NORTENO DE POLLO,14,ESENCIAS,OREGANO,0.0082,0.091,7.46199984848499E-04,GRAMOS
ENTRADAS,Sin Envase,FUNDIDO DE QUESO,7.75,VARIOS,TOTOPOS - NACHOS,0.0011,22,0.0242,GRAMOS
QUESADILLAS,Sin Envase,QUESADILLA QUESO,7.5,VEGETALES ,ZANAHORIA,0.001,0.273,2.73000001907349E-04,GRAMOS
LOS NACHOS,Sin Envase,NACHO NORTENO DE CARNE,14,ESENCIAS,OREGANO,0.0082,0.091,7.46199984848499E-04,GRAMOS
FLAUTAS,Sin Envase,FLAUTAS PANCHO VILLA,12.5,CARNES,CARNE MOLIDA,0.0046,1.818,8.36279981136322E-03,GRAMOS
FLAUTAS,Sin Envase,FLAUTA CARNE,10,CARNES,CARNE MOLIDA,0.0046,3.636,1.67255996227264E-02,GRAMOS
FLAUTAS,Sin Envase,FLAUTA CHORIZO,10,CARNES,CHORIZO MEJICANO,0.0067,3.636,2.43611994504929E-02,GRAMOS
FLAUTAS,Sin Envase,FLAUTA POLLO,10,POLLOS o AVES,PECHUGA DE POLLO,0.0047,3.636,1.70891996145248E-02,GRAMOS
QUESADILLAS,Sin Envase,QUESADILLA SINCRONIZADA,8,QUESOS / LECHE,MONTERREY JACK,0.0066,1.363,8.99580023288727E-03,GRAMOS
QUESADILLAS,Sin Envase,QUESADILLA GRINGA,8,VEGETALES ,CILANTRO,0.0013,0.136,1.76800009608269E-04,GRAMOS
QUESADILLAS,Sin Envase,QUESADILLA GRINGA,8,VEGETALES ,PI헤,0.0013,0.909,1.1816999733448E-03,GRAMOS
FLAUTAS,Sin Envase,FLAUTAS PANCHO VILLA,12.5,CARNES,CHORIZO MEJICANO,0.0067,1.818,1.21805997252464E-02,GRAMOS
QUESADILLAS,Sin Envase,QUESADILLA PAPAS CHORIZO,8,CARNES,CHORIZO MEJICANO,0.0067,1.363,9.13210023641586E-03,GRAMOS
FLAUTAS,Sin Envase,FLAUTAS PANCHO VILLA,12.5,VEGETALES ,LECHUGAS,0.0013,0.909,1.1816999733448E-03,GRAMOS
QUESADILLAS,Sin Envase,QUESADILLA QUESO,7.5,VEGETALES ,CEBOLLA MORADA,0.002,0.181,3.61999988555908E-04,GRAMOS
QUESADILLAS,Sin Envase,QUESADILLA QUESO,7.5,QUESOS / LECHE,MONTERREY JACK,0.0066,1.818,1.19987997293472E-02,GRAMOS
TACOS,Sin Envase,TACOS DE LOMITO,11,VEGETALES ,ZANAHORIA,0.001,0.273,2.73000001907349E-04,GRAMOS
TACOS,Sin Envase,TACOS DE LOMITO,11,VEGETALES ,CEBOLLA MORADA,0.002,0.181,3.61999988555908E-04,GRAMOS
TACOS,Sin Envase,TACOS DE FILETE,10,VEGETALES ,ZANAHORIA,0.001,0.273,2.73000001907349E-04,GRAMOS
TACOS,Sin Envase,TACOS DE FILETE,10,VEGETALES ,CEBOLLA MORADA,0.002,0.181,3.61999988555908E-04,GRAMOS
TACOS,Sin Envase,TACOS DE FILETE,10,CARNES,FILETE,0.0132,4.091,5.40012010574341E-02,GRAMOS
TACOS,Sin Envase,TACOS CANTINFLAS,10,VEGETALES ,ZANAHORIA,0.001,0.273,2.73000001907349E-04,GRAMOS
TACOS,Sin Envase,TACOS CANTINFLAS,10,VEGETALES ,CEBOLLA MORADA,0.002,0.364,7.27999985218048E-04,GRAMOS
QUESADILLAS,Sin Envase,QUESADILLA GRINGA,8,ESENCIAS,ACHIOTE,0.0012,0.227,2.72399997711182E-04,GRAMOS
ARROZ A LA MEXICANA,Sin Envase,ARROZ CON POLLO,8,POLLOS o AVES,PECHUGA DE POLLO,0.0047,1.363,6.40610016584396E-03,GRAMOS
ENTRADAS,Sin Envase,CAZUELA AZTECA CARNE,10,VARIOS,TOTOPOS - NACHOS,0.0011,22,0.0242,GRAMOS
CARNES MEXICANAS,Sin Envase,LOMITO AL TOMATE,17.5,CARNES,CHULETA CON HUESO,0.0046,5.909,2.71813996315002E-02,GRAMOS
CARNES MEXICANAS,Sin Envase,CHULETA TEMPIQUENA,17.5,CARNES,CHULETA,0.0047,5.909,2.77722996234894E-02,GRAMOS
LOS ALAMBRES,Sin Envase,ALAMBRE DE LA ABUELA,12.5,QUESOS / LECHE,CREMA CULTIVADA DE 5 LBS,0.0162,0.136,2.20320011973381E-03,GRAMOS
LOS ALAMBRES,Sin Envase,ALAMBRE DE LA ABUELA,12.5,ESENCIAS,OREGANO,0.0082,0.045,3.69000014662743E-04,GRAMOS
FLAUTAS,Sin Envase,FLAUTAS PANCHO VILLA,12.5,QUESOS / LECHE,QUESO FRESCO,0.0066,0.682,4.50119987726212E-03,GRAMOS
FLAUTAS,Sin Envase,FLAUTA CARNE,10,QUESOS / LECHE,QUESO FRESCO,0.0066,1.136,7.49760024547577E-03,GRAMOS
FLAUTAS,Sin Envase,FLAUTA CHORIZO,10,QUESOS / LECHE,QUESO FRESCO,0.0066,1.136,7.49760024547577E-03,GRAMOS
FLAUTAS,Sin Envase,FLAUTAS PANCHO VILLA,12.5,POLLOS o AVES,PECHUGA DE POLLO,0.0047,1.818,8.54459980726242E-03,GRAMOS
QUESADILLAS,Sin Envase,QUESADILLA GRINGA,8,CARNES,PUERCO LISO,0.0052,1.818,9.45359978675842E-03,GRAMOS
LOS NACHOS,Sin Envase,NACHO NORTENO DE POLLO,14,QUESOS / LECHE,CREMA CULTIVADA DE 5 LBS,0.0162,1.136,1.84032006025314E-02,GRAMOS
ARROZ A LA MEXICANA,Sin Envase,ARROZ CON CHORIZO,8,VEGETALES ,CILANTRO,0.0013,0.045,5.85000023245811E-05,GRAMOS
ARROZ A LA MEXICANA,Sin Envase,ARROZ CON CHORIZO,8,VEGETALES ,CEBOLLA MORADA,0.002,0.182,3.63999992609024E-04,GRAMOS
ARROZ A LA MEXICANA,Sin Envase,ARROZ CON CHORIZO,8,CARNES,CHORIZO MEJICANO,0.0067,1.363,9.13210023641586E-03,GRAMOS
ARROZ A LA MEXICANA,Sin Envase,ARROZ CON CARNE,8,VEGETALES ,CILANTRO,0.0013,0.045,5.85000023245811E-05,GRAMOS
ARROZ A LA MEXICANA,Sin Envase,ARROZ CON CARNE,8,VEGETALES ,CEBOLLA MORADA,0.002,0.182,3.63999992609024E-04,GRAMOS
ARROZ A LA MEXICANA,Sin Envase,ARROZ CON CARNE,8,CARNES,CARNE MOLIDA,0.0046,1.363,6.26980016231537E-03,GRAMOS
FLAUTAS,Sin Envase,FLAUTAS PANCHO VILLA,12.5,VEGETALES ,ZANAHORIA,0.001,0.364,3.63999992609024E-04,GRAMOS
FLAUTAS,Sin Envase,FLAUTAS PANCHO VILLA,12.5,VEGETALES ,CEBOLLA MORADA,0.002,0.455,9.10000026226044E-04,GRAMOS
FLAUTAS,Sin Envase,FLAUTAS PANCHO VILLA,12.5,VEGETALES ,CILANTRO,0.0013,0.091,1.18299997597933E-04,GRAMOS
FLAUTAS,Sin Envase,FLAUTA POLLO,10,QUESOS / LECHE,QUESO FRESCO,0.0066,1.136,7.49760024547577E-03,GRAMOS
ENTRADAS,Sin Envase,CAZUELA AZTECA CARNE,10,VEGETALES ,CEBOLLA MORADA,0.002,0.182,3.63999992609024E-04,GRAMOS
SOPAS,Sin Envase,CALDO DE POLLO,6.5,QUESOS / LECHE,MONTERREY JACK,0.0066,0.455,3.00300008654594E-03,GRAMOS
SOPAS,Sin Envase,CALDO DE POLLO,6.5,POLLOS o AVES,PECHUGA DE POLLO,0.0047,0.591,2.77770009636879E-03,GRAMOS
ENTRADAS,Sin Envase,CAZUELA AZTECA POLLO,10,VEGETALES ,CEBOLLA MORADA,0.002,0.182,3.63999992609024E-04,GRAMOS
ENTRADAS,Sin Envase,CAZUELA AZTECA POLLO,10,QUESOS / LECHE,CHEDAR,0.0066,0.455,3.00300008654594E-03,GRAMOS
ENTRADAS,Sin Envase,CAZUELA AZTECA POLLO,10,QUESOS / LECHE,MONTERREY JACK,0.0066,0.455,3.00300008654594E-03,GRAMOS
ENTRADAS,Sin Envase,CAZUELA AZTECA POLLO,10,POLLOS o AVES,PECHUGA DE POLLO,0.0047,2.046,9.61620001792908E-03,GRAMOS
ENTRADAS,Sin Envase,CAZUELA AZTECA CHORIZO,10,VEGETALES ,CEBOLLA MORADA,0.002,0.182,3.63999992609024E-04,GRAMOS
ENTRADAS,Sin Envase,CAZUELA AZTECA CHORIZO,10,QUESOS / LECHE,CHEDAR,0.0066,0.455,3.00300008654594E-03,GRAMOS
ENTRADAS,Sin Envase,CEVICHE A LA MEXICANA,8,ESENCIAS,OREGANO,0.0082,0.045,3.69000014662743E-04,GRAMOS
ENTRADAS,Sin Envase,CAZUELA AZTECA CHORIZO,10,QUESOS / LECHE,MONTERREY JACK,0.0066,0.455,3.00300008654594E-03,GRAMOS
SOPAS,Sin Envase,CALDO TLALPENO,6.5,QUESOS / LECHE,MONTERREY JACK,0.0066,0.455,3.00300008654594E-03,GRAMOS
ENTRADAS,Sin Envase,CAZUELA AZTECA CARNE,10,QUESOS / LECHE,CHEDAR,0.0066,0.455,3.00300008654594E-03,GRAMOS
ENTRADAS,Sin Envase,CAZUELA AZTECA CARNE,10,QUESOS / LECHE,MONTERREY JACK,0.0066,0.455,3.00300008654594E-03,GRAMOS
ENTRADAS,Sin Envase,CAZUELA AZTECA CARNE,10,CARNES,CARNE MOLIDA,0.0046,2.046,9.41160001754761E-03,GRAMOS
SOPAS,Sin Envase,SOPA DE TORTILLA,6.5,VEGETALES ,CILANTRO,0.0013,0.045,5.85000023245811E-05,GRAMOS
ENTRADAS,Sin Envase,CAZUELA AZTECA MIXTA,10,VEGETALES ,CEBOLLA MORADA,0.002,0.182,3.63999992609024E-04,GRAMOS
ENTRADAS,Sin Envase,CAZUELA AZTECA MIXTA,10,QUESOS / LECHE,CHEDAR,0.0066,0.455,3.00300008654594E-03,GRAMOS
ENTRADAS,Sin Envase,CAZUELA AZTECA MIXTA,10,QUESOS / LECHE,MONTERREY JACK,0.0066,0.455,3.00300008654594E-03,GRAMOS
ENTRADAS,Sin Envase,GUACAMOLE PANCHO VILLA,10,VEGETALES ,CILANTRO,0.0013,0.045,5.85000023245811E-05,GRAMOS
ENTRADAS,Sin Envase,CAZUELA AZTECA CHORIZO,10,CARNES,CHORIZO MEJICANO,0.0067,2.046,1.37082000255585E-02,GRAMOS
ENTRADAS,Sin Envase,TOSTADAS DE CHORIZO,5,QUESOS / LECHE,CREMA CULTIVADA DE 5 LBS,0.0162,0.136,2.20320011973381E-03,GRAMOS
ENTRADAS,Sin Envase,CAZUELA AZTECA CARNE,10,VEGETALES ,CEBOLLINA,0.002,0.045,9.00000035762787E-05,GRAMOS
ENTRADAS,Sin Envase,TOSTADAS DE POLLO,5,ESENCIAS,OREGANO,0.0082,0.045,3.69000014662743E-04,GRAMOS
ENTRADAS,Sin Envase,TOSTADAS DE POLLO,5,QUESOS / LECHE,QUESO FRESCO,0.0066,0.455,3.00300008654594E-03,GRAMOS
ENTRADAS,Sin Envase,TOSTADAS DE POLLO,5,QUESOS / LECHE,CREMA CULTIVADA DE 5 LBS,0.0162,0.136,2.20320011973381E-03,GRAMOS
ENTRADAS,Sin Envase,TOSTADAS DE POLLO,5,POLLOS o AVES,PECHUGA DE POLLO,0.0047,0.955,4.48849992156029E-03,GRAMOS
ENTRADAS,Sin Envase,TOSTADAS DE POLLO,5,ESENCIAS,FRIJOLES NEGROS,0.0022,0.909,1.9997999548912E-03,GRAMOS
ENTRADAS,Sin Envase,TOSTADAS DE POLLO,5,VARIOS,TORTILLAS MEJICANAS (6/5 LBS),0.0001,1,0.0001,GRAMOS
ENTRADAS,Sin Envase,TOSTADAS DE CHORIZO,5,VEGETALES ,CEBOLLINA,0.002,0.045,9.00000035762787E-05,GRAMOS
SOPAS,Sin Envase,CALDO DE POLLO,6.5,VEGETALES ,CILANTRO,0.0013,0.045,5.85000023245811E-05,GRAMOS
ENTRADAS,Sin Envase,TOSTADAS DE CHORIZO,5,QUESOS / LECHE,QUESO FRESCO,0.0066,0.455,3.00300008654594E-03,GRAMOS
SOPAS,Sin Envase,CALDO TLALPENO,6.5,POLLOS o AVES,PECHUGA DE POLLO,0.0047,0.591,2.77770009636879E-03,GRAMOS
ARROZ A LA MEXICANA,Sin Envase,ARROZ CON POLLO,8,ESENCIAS,OREGANO,0.0082,0.045,3.69000014662743E-04,GRAMOS
LOS ALAMBRES,Sin Envase,ALAMBRES POLLO,10,CARNES,TOCINO,0.0052,0.273,1.41960000991821E-03,GRAMOS
SOPAS,Sin Envase,SOPA DE TORTILLA,6.5,QUESOS / LECHE,QUESO FRESCO,0.0066,0.455,3.00300008654594E-03,GRAMOS
ENTRADAS,Sin Envase,CEVICHE A LA MEXICANA,8,VEGETALES ,CEBOLLINA,0.002,0.045,9.00000035762787E-05,GRAMOS
LOS ALAMBRES,Sin Envase,ALAMBRES POLLO,10,QUESOS / LECHE,MONTERREY JACK,0.0066,0.909,5.99939986467361E-03,GRAMOS
LOS ALAMBRES,Sin Envase,ALAMBRES POLLO,10,POLLOS o AVES,PECHUGA DE POLLO,0.0047,2.727,1.28168999910355E-02,GRAMOS
SOPAS,Sin Envase,CALDO TLALPENO,6.5,JUGOS CONCENTRADOS,CHIPOTLE,0.0011,0.136,1.49600008130074E-04,GRAMOS
SOPAS,Sin Envase,CALDO TLALPENO,6.5,VEGETALES ,CILANTRO,0.0013,0.045,5.85000023245811E-05,GRAMOS
ENTRADAS,Sin Envase,GUACAMOLE PANCHO VILLA,10,VEGETALES ,TOMATE REGULAR,0.0019,0.682,1.29579996466637E-03,GRAMOS
ENTRADAS,Sin Envase,TOSTADAS DE CHORIZO,5,ESENCIAS,OREGANO,0.0082,0.045,3.69000014662743E-04,GRAMOS
ENTRADAS,Sin Envase,FUNDIDO PANCHO VILLA,10,CARNES,CARNE MOLIDA,0.0046,0.455,2.0930000603199E-03,GRAMOS
ENTRADAS,Sin Envase,TOTOPOS,4,VARIOS,TOTOPOS - NACHOS,0.0011,22,0.0242,GRAMOS
ENTRADAS,Sin Envase,FRIJOLES REFRITOS,6.5,ESENCIAS,FRIJOLES NEGROS,0.0022,7.275,1.60050002098084E-02,GRAMOS
ENTRADAS,Sin Envase,FUNDIDO CON POLLO,8.75,POLLOS o AVES,PECHUGA DE POLLO,0.0047,0.909,4.27229990363121E-03,GRAMOS
ENTRADAS,Sin Envase,FUNDIDO CON POLLO,8.75,QUESOS / LECHE,MONTERREY JACK,0.0066,3.181,2.09945999622345E-02,GRAMOS
ENTRADAS,Sin Envase,FUNDIDO CON HONGOS,8.75,QUESOS / LECHE,MONTERREY JACK,0.0066,3.181,2.09945999622345E-02,GRAMOS
ENTRADAS,Sin Envase,FUNDIDO CON CHORIZO,8.75,CARNES,CHORIZO MEJICANO,0.0067,0.909,6.09029986262321E-03,GRAMOS
ENTRADAS,Sin Envase,FUNDIDO CON CHORIZO,8.75,QUESOS / LECHE,MONTERREY JACK,0.0066,3.181,2.09945999622345E-02,GRAMOS
ENTRADAS,Sin Envase,FUNDIDO CON CARNE,8.75,CARNES,CARNE MOLIDA,0.0046,0.909,4.18139990568161E-03,GRAMOS
ENTRADAS,Sin Envase,GUACAMOLE PANCHO VILLA,10,VEGETALES ,CEBOLLA MORADA,0.002,0.182,3.63999992609024E-04,GRAMOS
ENTRADAS,Sin Envase,FUNDIDO DE QUESO,7.75,QUESOS / LECHE,MONTERREY JACK,0.0066,4.091,0.027000600528717,GRAMOS
ENTRADAS,Sin Envase,GUACAMOLE PANCHO VILLA,10,QUESOS / LECHE,QUESO FRESCO,0.0066,0.682,4.50119987726212E-03,GRAMOS
ENTRADAS,Sin Envase,FUNDIDO PANCHO VILLA,10,CARNES,CHORIZO MEJICANO,0.0067,0.455,3.04850008785725E-03,GRAMOS
ENTRADAS,Sin Envase,FUNDIDO PANCHO VILLA,10,POLLOS o AVES,PECHUGA DE POLLO,0.0047,0.455,2.1385000616312E-03,GRAMOS
ENTRADAS,Sin Envase,FUNDIDO PANCHO VILLA,10,QUESOS / LECHE,CHEDAR,0.0066,1.364,9.00239975452423E-03,GRAMOS
ENTRADAS,Sin Envase,FUNDIDO PANCHO VILLA,10,QUESOS / LECHE,MONTERREY JACK,0.0066,1.364,9.00239975452423E-03,GRAMOS
ENTRADAS,Sin Envase,CEVICHE A LA MEXICANA,8,VEGETALES ,CILANTRO,0.0013,0.045,5.85000023245811E-05,GRAMOS
ENTRADAS,Sin Envase,CEVICHE A LA MEXICANA,8,VEGETALES ,CEBOLLA MORADA,0.002,0.182,3.63999992609024E-04,GRAMOS
ENTRADAS,Sin Envase,CEVICHE A LA MEXICANA,8,ESENCIAS,ACHIOTE,0.0012,0.272,3.26400017738342E-04,GRAMOS
ENTRADAS,Sin Envase,TOSTADAS DE POLLO,5,VEGETALES ,LECHUGAS,0.0013,0.909,1.1816999733448E-03,GRAMOS
ENTRADAS,Sin Envase,TOSTADAS DE CHORIZO,5,VEGETALES ,LECHUGAS,0.0013,0.909,1.1816999733448E-03,GRAMOS
ENTRADAS,Sin Envase,FUNDIDO CON CARNE,8.75,QUESOS / LECHE,MONTERREY JACK,0.0066,3.181,2.09945999622345E-02,GRAMOS
ENTRADAS,Sin Envase,TOSTADAS DE CHORIZO,5,CARNES,CHORIZO MEJICANO,0.0067,0.955,6.39849988818169E-03,GRAMOS
ENTRADAS,Sin Envase,CEVICHE A LA MEXICANA,8,VARIOS,TOTOPOS - NACHOS,0.0011,22,0.0242,GRAMOS
ENTRADAS,Sin Envase,FRIJOLES REFRITOS,6.5,QUESOS / LECHE,QUESO FRESCO,0.0066,0.682,4.50119987726212E-03,GRAMOS
ARROZ A LA MEXICANA,Sin Envase,ARROZ CON POLLO,8,QUESOS / LECHE,CREMA CULTIVADA DE 5 LBS,0.0162,0.136,2.20320011973381E-03,GRAMOS
ARROZ A LA MEXICANA,Sin Envase,ARROZ CON CHORIZO,8,ESENCIAS,OREGANO,0.0082,0.045,3.69000014662743E-04,GRAMOS
ARROZ A LA MEXICANA,Sin Envase,ARROZ CON CHORIZO,8,QUESOS / LECHE,CREMA CULTIVADA DE 5 LBS,0.0162,0.136,2.20320011973381E-03,GRAMOS
ARROZ A LA MEXICANA,Sin Envase,ARROZ CON CARNE,8,ESENCIAS,OREGANO,0.0082,0.045,3.69000014662743E-04,GRAMOS
ARROZ A LA MEXICANA,Sin Envase,ARROZ CON CARNE,8,QUESOS / LECHE,CREMA CULTIVADA DE 5 LBS,0.0162,0.136,2.20320011973381E-03,GRAMOS
ENTRADAS,Sin Envase,TORTILLA 1,1,VARIOS,TORTILLAS MEJICANAS (6/5 LBS),0.0001,1,0.0001,GRAMOS
ENTRADAS,Sin Envase,BIENVENIDO,2,ESENCIAS,FRIJOLES NEGROS,0.0022,2.955,6.50099983215332E-03,GRAMOS
ENTRADAS,Sin Envase,QUESO FRESCO,2,QUESOS / LECHE,QUESO FRESCO,0.0066,1,0.0066,GRAMOS
ENTRADAS,Sin Envase,BIENVENIDO,2,QUESOS / LECHE,QUESO FRESCO,0.0066,0.227,1.4981999874115E-03,GRAMOS
ENTRADAS,Sin Envase,TOSTADAS DE CHORIZO,5,ESENCIAS,FRIJOLES NEGROS,0.0022,0.909,1.9997999548912E-03,GRAMOS
ENTRADAS,Sin Envase,TOSTADAS DE CHORIZO,5,VARIOS,TORTILLAS MEJICANAS (6/5 LBS),0.0001,1,0.0001,GRAMOS
ENTRADAS,Sin Envase,TOSTADAS DE CARNE,5,VEGETALES ,CEBOLLINA,0.002,0.045,9.00000035762787E-05,GRAMOS
ENTRADAS,Sin Envase,TOSTADAS DE CARNE,5,ESENCIAS,OREGANO,0.0082,0.045,3.69000014662743E-04,GRAMOS
ENTRADAS,Sin Envase,TOSTADAS DE CARNE,5,QUESOS / LECHE,QUESO FRESCO,0.0066,0.455,3.00300008654594E-03,GRAMOS
ENTRADAS,Sin Envase,TOSTADAS DE CARNE,5,QUESOS / LECHE,CREMA CULTIVADA DE 5 LBS,0.0162,0.136,2.20320011973381E-03,GRAMOS
ENTRADAS,Sin Envase,TOSTADAS DE CARNE,5,CARNES,CARNE MOLIDA,0.0046,0.455,2.0930000603199E-03,GRAMOS
ENTRADAS,Sin Envase,TOSTADAS DE CARNE,5,ESENCIAS,FRIJOLES NEGROS,0.0022,0.909,1.9997999548912E-03,GRAMOS
ENTRADAS,Sin Envase,GUACAMOLE PANCHO VILLA,10,VARIOS,TOTOPOS - NACHOS,0.0011,22,0.0242,GRAMOS
ENTRADAS,Sin Envase,TORTILLAS 4,3,VARIOS,TORTILLAS MEJICANAS (6/5 LBS),0.0001,4,0.0004,GRAMOS
LOS ALAMBRES,Sin Envase,ALAMBRE MAR y TIERRA,11.5,QUESOS / LECHE,MONTERREY JACK,0.0066,0.909,5.99939986467361E-03,GRAMOS
LOS ALAMBRES,Sin Envase,ALAMBRE DE LA ABUELA,12.5,POLLOS o AVES,PECHUGA DE POLLO,0.0047,0.682,3.20539991259575E-03,GRAMOS
LOS ALAMBRES,Sin Envase,ALAMBRE FILETE,12.5,VEGETALES ,ZANAHORIA,0.001,0.273,2.73000001907349E-04,GRAMOS
LOS ALAMBRES,Sin Envase,ALAMBRE FILETE,12.5,QUESOS / LECHE,MONTERREY JACK,0.0066,0.909,5.99939986467361E-03,GRAMOS
LOS ALAMBRES,Sin Envase,ALAMBRE FILETE,12.5,CARNES,FILETE,0.0132,3.182,4.20023989677429E-02,GRAMOS
LOS ALAMBRES,Sin Envase,ALAMBRE CAMARON,12.5,VEGETALES ,ZANAHORIA,0.001,0.273,2.73000001907349E-04,GRAMOS
LOS ALAMBRES,Sin Envase,ALAMBRE CAMARON,12.5,QUESOS / LECHE,MONTERREY JACK,0.0066,0.909,5.99939986467361E-03,GRAMOS
LOS ALAMBRES,Sin Envase,ALAMBRE CAMARON,12.5,MARISCOS,CAMARON PELADO,0.0102,2.727,0.027815399980545,GRAMOS
LOS ALAMBRES,Sin Envase,ALAMBRE LOMITO,12.5,VEGETALES ,ZANAHORIA,0.001,0.273,2.73000001907349E-04,GRAMOS
ENTRADAS,Sin Envase,TOSTADAS DE POLLO,5,VEGETALES ,CEBOLLINA,0.002,0.045,9.00000035762787E-05,GRAMOS
LOS ALAMBRES,Sin Envase,ALAMBRE MAR y TIERRA,11.5,VEGETALES ,ZANAHORIA,0.001,0.273,2.73000001907349E-04,GRAMOS
LOS ALAMBRES,Sin Envase,ALAMBRE DE LA ABUELA,12.5,CARNES,CHORIZO MEJICANO,0.0067,0.682,4.56939987540245E-03,GRAMOS
LOS ALAMBRES,Sin Envase,ALAMBRE MAR y TIERRA,11.5,CARNES,PUERCO LISO,0.0052,0.682,3.54639990329742E-03,GRAMOS
ENTRADAS,Sin Envase,GUACAMOLE PANCHO VILLA,10,ESENCIAS,OREGANO,0.0082,0.045,3.69000014662743E-04,GRAMOS
ENTRADAS,Sin Envase,GUACAMOLE PANCHO VILLA,10,QUESOS / LECHE,CREMA CULTIVADA DE 5 LBS,0.0162,0.909,1.47257996678352E-02,GRAMOS
ENTRADAS,Sin Envase,FRIJOLES REFRITOS,6.5,VEGETALES ,CEBOLLINA,0.002,0.045,9.00000035762787E-05,GRAMOS
ENTRADAS,Sin Envase,FRIJOLES REFRITOS,6.5,ESENCIAS,OREGANO,0.0082,0.045,3.69000014662743E-04,GRAMOS
ENTRADAS,Sin Envase,FRIJOLES REFRITOS,6.5,VARIOS,TOTOPOS - NACHOS,0.0011,22,0.0242,GRAMOS
ENTRADAS,Sin Envase,FUNDIDO CON RAJAS,8.75,ESENCIAS,OREGANO,0.0082,0.045,3.69000014662743E-04,GRAMOS
ENTRADAS,Sin Envase,FUNDIDO CON RAJAS,8.75,QUESOS / LECHE,QUESO FRESCO,0.0066,3.181,2.09945999622345E-02,GRAMOS
LOS ALAMBRES,Sin Envase,ALAMBRE LOMITO,12.5,QUESOS / LECHE,MONTERREY JACK,0.0066,0.909,5.99939986467361E-03,GRAMOS
CARNES MEXICANAS,Sin Envase,POLLO TEMPIQUENA,14.5,POLLOS o AVES,PECHUGA DE POLLO,0.0047,3.636,1.70891996145248E-02,GRAMOS
ENTRADAS,Sin Envase,CAZUELA AZTECA CARNE,10,QUESOS / LECHE,CREMA CULTIVADA DE 5 LBS,0.0162,0.909,1.47257996678352E-02,GRAMOS
LOS ALAMBRES,Sin Envase,ALAMBRE DE LA ABUELA,12.5,CARNES,TOCINO,0.0052,0.273,1.41960000991821E-03,GRAMOS
LOS NACHOS,Sin Envase,NACHO ORALE,14,POLLOS o AVES,PECHUGA DE POLLO,0.0047,4.091,1.92277003765106E-02,GRAMOS
LOS NACHOS,Sin Envase,NACHO ORALE,14,CARNES,CARNE MOLIDA,0.0046,4.091,1.88186003684998E-02,GRAMOS
LOS NACHOS,Sin Envase,NACHO ORALE,14,QUESOS / LECHE,MONTERREY JACK,0.0066,4.545,0.02999700050354,GRAMOS
LOS NACHOS,Sin Envase,NACHO ORALE,14,ESENCIAS,FRIJOLES NEGROS,0.0022,5.455,1.20009998321533E-02,GRAMOS
LOS NACHOS,Sin Envase,NACHOS DE CHORIZO,14,CARNES,CHORIZO MEJICANO,0.0067,4.091,2.74097005367279E-02,GRAMOS
LOS NACHOS,Sin Envase,   .....................................,0,QUESOS / LECHE,MONTERREY JACK,0.0066,4.545,0.02999700050354,GRAMOS
LOS ALAMBRES,Sin Envase,ALAMBRE DE LA ABUELA,12.5,CARNES,RINCON,0.0132,0.682,9.00239975452423E-03,GRAMOS
LOS NACHOS,Sin Envase,   .....................................,0,CARNES,CARNE MOLIDA,0.0046,4.091,1.88186003684998E-02,GRAMOS
LOS ALAMBRES,Sin Envase,ALAMBRE DE LA ABUELA,12.5,CARNES,PUERCO LISO,0.0052,0.682,3.54639990329742E-03,GRAMOS
CARNES MEXICANAS,Sin Envase,FILETE TEMPIQUENA,17.5,CARNES,FILETE,0.0132,3.182,4.20023989677429E-02,GRAMOS
LOS NACHOS,Sin Envase,NACHOS DE POLLO,14,POLLOS o AVES,PECHUGA DE POLLO,0.0047,4.091,1.92277003765106E-02,GRAMOS
LOS NACHOS,Sin Envase,NACHOS DE POLLO,14,QUESOS / LECHE,MONTERREY JACK,0.0066,4.545,0.02999700050354,GRAMOS
LOS NACHOS,Sin Envase,NACHOS DE POLLO,14,ESENCIAS,FRIJOLES NEGROS,0.0022,5.455,1.20009998321533E-02,GRAMOS
LOS ALAMBRES,Sin Envase,ALAMBRE DE LA ABUELA,12.5,VEGETALES ,ZANAHORIA,0.001,0.273,2.73000001907349E-04,GRAMOS
LOS ALAMBRES,Sin Envase,ALAMBRE DE LA ABUELA,12.5,VEGETALES ,CEBOLLA MORADA,0.002,0.182,3.63999992609024E-04,GRAMOS
LOS ALAMBRES,Sin Envase,ALAMBRE DE LA ABUELA,12.5,VEGETALES ,LECHUGAS,0.0013,0.455,5.91500017046928E-04,GRAMOS
LOS ALAMBRES,Sin Envase,ALAMBRE DE LA ABUELA,12.5,QUESOS / LECHE,CHEDAR,0.0066,0.909,5.99939986467361E-03,GRAMOS
ENTRADAS,Sin Envase,FUNDIDO CON CHORIZO,8.75,ESENCIAS,OREGANO,0.0082,0.045,3.69000014662743E-04,GRAMOS
LOS NACHOS,Sin Envase,   .....................................,0,ESENCIAS,FRIJOLES NEGROS,0.0022,5.455,1.20009998321533E-02,GRAMOS
LOS ALAMBRES,Sin Envase,ALAMBRE PUERCO,10,VEGETALES ,ZANAHORIA,0.001,0.273,2.73000001907349E-04,GRAMOS
ENTRADAS,Sin Envase,FUNDIDO CON POLLO,8.75,ESENCIAS,OREGANO,0.0082,0.045,3.69000014662743E-04,GRAMOS
LOS ALAMBRES,Sin Envase,ALAMBRE PASTOR,10,VEGETALES ,PI헤,0.0013,1.591,2.06829994916916E-03,GRAMOS
LOS ALAMBRES,Sin Envase,ALAMBRE PASTOR,10,VEGETALES ,CILANTRO,0.0013,0.136,1.76800009608269E-04,GRAMOS
LOS ALAMBRES,Sin Envase,ALAMBRE PASTOR,10,VEGETALES ,ZANAHORIA,0.001,0.273,2.73000001907349E-04,GRAMOS
LOS ALAMBRES,Sin Envase,ALAMBRE PASTOR,10,QUESOS / LECHE,MONTERREY JACK,0.0066,0.909,5.99939986467361E-03,GRAMOS
LOS ALAMBRES,Sin Envase,ALAMBRE PASTOR,10,ESENCIAS,ACHIOTE,0.0012,0.318,3.81599986553192E-04,GRAMOS
LOS ALAMBRES,Sin Envase,ALAMBRE PASTOR,10,CARNES,PUERCO LISO,0.0052,2.727,1.41803999900818E-02,GRAMOS
LOS ALAMBRES,Sin Envase,ALAMBRE CHORIZO,10,VEGETALES ,ZANAHORIA,0.001,0.273,2.73000001907349E-04,GRAMOS
LOS ALAMBRES,Sin Envase,ALAMBRE PULPO,10,MARISCOS,PULPO,0.0102,2.727,0.027815399980545,GRAMOS
LOS ALAMBRES,Sin Envase,ALAMBRE CHORIZO,10,CARNES,CHORIZO MEJICANO,0.0067,2.5,0.01675,GRAMOS
LOS ALAMBRES,Sin Envase,ALAMBRE PULPO,10,QUESOS / LECHE,MONTERREY JACK,0.0066,0.909,5.99939986467361E-03,GRAMOS
LOS ALAMBRES,Sin Envase,ALAMBRE PUERCO,10,QUESOS / LECHE,MONTERREY JACK,0.0066,0.909,5.99939986467361E-03,GRAMOS
LOS ALAMBRES,Sin Envase,ALAMBRE PUERCO,10,CARNES,PUERCO LISO,0.0052,2.727,1.41803999900818E-02,GRAMOS
LOS ALAMBRES,Sin Envase,ALAMBRE CARNE,10,VEGETALES ,ZANAHORIA,0.001,0.273,2.73000001907349E-04,GRAMOS
LOS ALAMBRES,Sin Envase,ALAMBRE CARNE,10,QUESOS / LECHE,MONTERREY JACK,0.0066,0.909,5.99939986467361E-03,GRAMOS
LOS ALAMBRES,Sin Envase,ALAMBRE CARNE,10,CARNES,RINCON,0.0132,3.636,4.79951989173889E-02,GRAMOS
LOS ALAMBRES,Sin Envase,ALAMBRES POLLO,10,VEGETALES ,ZANAHORIA,0.001,0.273,2.73000001907349E-04,GRAMOS
ENTRADAS,Sin Envase,CAZUELA AZTECA MIXTA,10,CARNES,CARNE MOLIDA,0.0046,0.682,3.13719991445541E-03,GRAMOS
ENTRADAS,Sin Envase,FUNDIDO PANCHO VILLA,10,ESENCIAS,OREGANO,0.0082,0.045,3.69000014662743E-04,GRAMOS
ENTRADAS,Sin Envase,FUNDIDO DE QUESO,7.75,ESENCIAS,OREGANO,0.0082,0.045,3.69000014662743E-04,GRAMOS
LOS ALAMBRES,Sin Envase,ALAMBRE CHORIZO,10,QUESOS / LECHE,MONTERREY JACK,0.0066,0.909,5.99939986467361E-03,GRAMOS
LOS ALAMBRES,Sin Envase,ALAMBRE CHARRO,11.5,CARNES,RINCON,0.0132,0.909,1.19987997293472E-02,GRAMOS
LOS NACHOS,Sin Envase,NACHO VEGETARIANO,14,ESENCIAS,OREGANO,0.0082,0.091,7.46199984848499E-04,GRAMOS
ENTRADAS,Sin Envase,FUNDIDO CON CARNE,8.75,ESENCIAS,OREGANO,0.0082,0.045,3.69000014662743E-04,GRAMOS
LOS ALAMBRES,Sin Envase,ALAMBRE MAR y TIERRA,11.5,CARNES,RINCON,0.0132,0.682,9.00239975452423E-03,GRAMOS
LOS ALAMBRES,Sin Envase,ALAMBRE MAR y TIERRA,11.5,MARISCOS,MARISCO MIXTO,0.0061,1.818,1.10897997498512E-02,GRAMOS
LOS ALAMBRES,Sin Envase,ALAMBRE CHULETA,11.5,VEGETALES ,ZANAHORIA,0.001,0.273,2.73000001907349E-04,GRAMOS
LOS ALAMBRES,Sin Envase,ALAMBRE CHULETA,11.5,QUESOS / LECHE,MONTERREY JACK,0.0066,0.909,5.99939986467361E-03,GRAMOS
LOS ALAMBRES,Sin Envase,ALAMBRE CHARRO,11.5,VEGETALES ,ZANAHORIA,0.001,0.273,2.73000001907349E-04,GRAMOS
LOS ALAMBRES,Sin Envase,ALAMBRE CHARRO,11.5,QUESOS / LECHE,MONTERREY JACK,0.0066,0.909,5.99939986467361E-03,GRAMOS
LOS ALAMBRES,Sin Envase,ALAMBRE PASTOR,10,VEGETALES ,LIMONES,0.0002,0.318,6.35999977588654E-05,GRAMOS
LOS ALAMBRES,Sin Envase,ALAMBRE CHARRO,11.5,POLLOS o AVES,PECHUGA DE POLLO,0.0047,0.909,4.27229990363121E-03,GRAMOS
ENTRADAS,Sin Envase,FUNDIDO CON HONGOS,8.75,ESENCIAS,OREGANO,0.0082,0.045,3.69000014662743E-04,GRAMOS
LOS ALAMBRES,Sin Envase,ALAMBRE ORALE,11.5,VEGETALES ,ZANAHORIA,0.001,0.273,2.73000001907349E-04,GRAMOS
LOS ALAMBRES,Sin Envase,ALAMBRE ORALE,11.5,QUESOS / LECHE,MONTERREY JACK,0.0066,0.909,5.99939986467361E-03,GRAMOS
LOS ALAMBRES,Sin Envase,ALAMBRE ORALE,11.5,CARNES,PUERCO LISO,0.0052,0.909,4.72679989337921E-03,GRAMOS
LOS ALAMBRES,Sin Envase,ALAMBRE ORALE,11.5,POLLOS o AVES,PECHUGA DE POLLO,0.0047,0.909,4.27229990363121E-03,GRAMOS
LOS ALAMBRES,Sin Envase,ALAMBRE ORALE,11.5,CARNES,RINCON,0.0132,0.909,1.19987997293472E-02,GRAMOS
LOS ALAMBRES,Sin Envase,ALAMBRE MARISCOS,10,QUESOS / LECHE,MONTERREY JACK,0.0066,0.091,6.0059998780489E-04,GRAMOS
LOS ALAMBRES,Sin Envase,ALAMBRE MARISCOS,10,VEGETALES ,ZANAHORIA,0.001,0.273,2.73000001907349E-04,GRAMOS
LOS ALAMBRES,Sin Envase,ALAMBRE MARISCOS,10,MARISCOS,MARISCO MIXTO,0.0061,4.091,2.49551004886627E-02,GRAMOS
LOS ALAMBRES,Sin Envase,ALAMBRE PULPO,10,VEGETALES ,ZANAHORIA,0.001,0.273,2.73000001907349E-04,GRAMOS
LOS ALAMBRES,Sin Envase,ALAMBRE CHARRO,11.5,CARNES,CHORIZO MEJICANO,0.0067,1.364,9.1387997508049E-03,GRAMOS
PLATOS NUEVOS,Sin Envase,TACOS DE FILETE AL CABALLO,10,VEGETALES ,ZANAHORIA,0.001,0.273,2.73000001907349E-04,GRAMOS
QUESADILLAS,Sin Envase,QUESADILLA GRINGA,8,VARIOS,TOTOPOS - NACHOS,0.0011,1,0.0011,GRAMOS
QUESADILLAS,Sin Envase,QUESADILLA DE CARNE,8,QUESOS / LECHE,MONTERREY JACK,0.0066,1.363,8.99580023288727E-03,GRAMOS
QUESADILLAS,Sin Envase,QUESADILLA DE CARNE,8,CARNES,CARNE MOLIDA,0.0046,1.818,8.36279981136322E-03,GRAMOS
QUESADILLAS,Sin Envase,QUESADILLA CHORIZO,8,VARIOS,TORTILLAS MEJICANAS (6/5 LBS),0.0001,2,0.0002,GRAMOS
QUESADILLAS,Sin Envase,QUESADILLA CHORIZO,8,QUESOS / LECHE,MONTERREY JACK,0.0066,1.363,8.99580023288727E-03,GRAMOS
QUESADILLAS,Sin Envase,QUESADILLA CHORIZO,8,CARNES,CHORIZO MEJICANO,0.0067,1.591,1.06596997380257E-02,GRAMOS
QUESADILLAS,Sin Envase,QUESADILLA POLLO,8,VARIOS,TORTILLAS MEJICANAS (6/5 LBS),0.0001,2,0.0002,GRAMOS
QUESADILLAS,Sin Envase,QUESADILLA POLLO,8,QUESOS / LECHE,MONTERREY JACK,0.0066,1.363,8.99580023288727E-03,GRAMOS
QUESADILLAS,Sin Envase,QUESADILLA FILETE,10,CARNES,FILETE,0.0132,1.818,2.39975994586945E-02,GRAMOS
QUESADILLAS,Sin Envase,QUESADILLA QUESO,7.5,VEGETALES ,CEBOLLINA,0.002,0.045,9.00000035762787E-05,GRAMOS
QUESADILLAS,Sin Envase,QUESADILLA FILETE,10,QUESOS / LECHE,MONTERREY JACK,0.0066,1.363,8.99580023288727E-03,GRAMOS
PLATOS NUEVOS,Sin Envase,TACOS DE FILETE AL CABALLO,10,VEGETALES ,CEBOLLINA,0.002,0.045,9.00000035762787E-05,GRAMOS
PLATOS NUEVOS,Sin Envase,TACOS DE FILETE AL CABALLO,10,VARIOS,TORTILLAS MEJICANAS (6/5 LBS),0.0001,3,0.0003,GRAMOS
PLATOS NUEVOS,Sin Envase,TACOS DE FILETE AL CABALLO,10,CARNES,FILETE,0.0132,4.091,5.40012010574341E-02,GRAMOS
PLATOS NUEVOS,Sin Envase,TACOS AL CARBON DE CHORIZO,10,VEGETALES ,CEBOLLINA,0.002,0.045,9.00000035762787E-05,GRAMOS
PLATOS NUEVOS,Sin Envase,TACOS AL CARBON DE CHORIZO,10,VEGETALES ,ZANAHORIA,0.001,0.273,2.73000001907349E-04,GRAMOS
PLATOS NUEVOS,Sin Envase,TACOS AL CARBON DE CHORIZO,10,LIMPIEZA,LIMPIONES,0.0012,0.045,5.40000021457672E-05,GRAMOS
PLATOS NUEVOS,Sin Envase,TACOS AL CARBON DE CHORIZO,10,VARIOS,TORTILLAS MEJICANAS (6/5 LBS),0.0001,3,0.0003,GRAMOS
PLATOS NUEVOS,Sin Envase,TACOS AL CARBON DE CHORIZO,10,VEGETALES ,CILANTRO,0.0013,0.136,1.76800009608269E-04,GRAMOS
QUESADILLAS,Sin Envase,QUESADILLA POLLO,8,POLLOS o AVES,PECHUGA DE POLLO,0.0047,1.591,7.47769981622696E-03,GRAMOS
QUESADILLAS,Sin Envase,QUESADILLA TOCINO,8,VARIOS,TORTILLAS MEJICANAS (6/5 LBS),0.0001,2,0.0002,GRAMOS
PLATOS NUEVOS,Sin Envase,TACOS DORADOS DE POLLO,10,POLLOS o AVES,PECHUGA DE POLLO,0.0047,3.636,1.70891996145248E-02,GRAMOS
QUESADILLAS,Sin Envase,QUESADILLA PAPA,8,VARIOS,TORTILLAS MEJICANAS (6/5 LBS),0.0001,2,0.0002,GRAMOS
QUESADILLAS,Sin Envase,QUESADILLA PAPA,8,QUESOS / LECHE,MONTERREY JACK,0.0066,1.363,8.99580023288727E-03,GRAMOS
QUESADILLAS,Sin Envase,QUESADILLA PAPA,8,VARIOS,PAPAS ,0.0013,2.273,2.95490000247955E-03,GRAMOS
QUESADILLAS,Sin Envase,QUESADILLA HONGOS,8,VARIOS,TORTILLAS MEJICANAS (6/5 LBS),0.0001,2,0.0002,GRAMOS
QUESADILLAS,Sin Envase,QUESADILLA HONGOS,8,QUESOS / LECHE,MONTERREY JACK,0.0066,1.363,8.99580023288727E-03,GRAMOS
QUESADILLAS,Sin Envase,QUESADILLA HONGOS,8,VARIOS,HONGOS,0.0013,1.591,2.06829994916916E-03,GRAMOS
QUESADILLAS,Sin Envase,QUESADILLA JAMON,8,VARIOS,TORTILLAS MEJICANAS (6/5 LBS),0.0001,2,0.0002,GRAMOS
QUESADILLAS,Sin Envase,QUESADILLA DE CARNE,8,VARIOS,TORTILLAS MEJICANAS (6/5 LBS),0.0001,2,0.0002,GRAMOS
QUESADILLAS,Sin Envase,QUESADILLA JAMON,8,CARNES,JAMON COCIDO,0.0067,1.363,9.13210023641586E-03,GRAMOS
PLATOS NUEVOS,Sin Envase,TACOS AL CARBON DE CHORIZO,10,CARNES,CHORIZO MEJICANO,0.0067,3,0.0201,GRAMOS
QUESADILLAS,Sin Envase,QUESADILLA TOCINO,8,QUESOS / LECHE,MONTERREY JACK,0.0066,1.363,8.99580023288727E-03,GRAMOS
QUESADILLAS,Sin Envase,QUESADILLA TOCINO,8,CARNES,TOCINO,0.0052,2.182,1.13463995933533E-02,GRAMOS
QUESADILLAS,Sin Envase,QUESADILLA RAJAS,8,QUESOS / LECHE,MONTERREY JACK,0.0066,1.363,8.99580023288727E-03,GRAMOS
QUESADILLAS,Sin Envase,QUESADILLA RAJAS,8,VARIOS,TORTILLAS MEJICANAS (6/5 LBS),0.0001,2,0.0002,GRAMOS
QUESADILLAS,Sin Envase,QUESADILLA DE CAMARON,9,VARIOS,TORTILLAS MEJICANAS (6/5 LBS),0.0001,2,0.0002,GRAMOS
QUESADILLAS,Sin Envase,QUESADILLA DE CAMARON,9,QUESOS / LECHE,MONTERREY JACK,0.0066,1.363,8.99580023288727E-03,GRAMOS
QUESADILLAS,Sin Envase,QUESADILLA DE CAMARON,9,MARISCOS,CAMARON PELADO,0.0102,1.818,1.85435995817184E-02,GRAMOS
QUESADILLAS,Sin Envase,QUESADILLA FILETE,10,VARIOS,TORTILLAS MEJICANAS (6/5 LBS),0.0001,2,0.0002,GRAMOS
QUESADILLAS,Sin Envase,QUESADILLA JAMON,8,QUESOS / LECHE,MONTERREY JACK,0.0066,1.363,8.99580023288727E-03,GRAMOS
PLATOS NUEVOS,Sin Envase,TACOS DORADOS CHORIZO,10,VARIOS,TORTILLAS MEJICANAS (6/5 LBS),0.0001,4,0.0004,GRAMOS
PLATOS NUEVOS,Sin Envase,TACOS TEMPURA,11.5,LIMPIEZA,LIMPIONES,0.0012,0.318,3.81599986553192E-04,GRAMOS
PLATOS NUEVOS,Sin Envase,TACOS TEMPURA,11.5,VEGETALES ,CEBOLLINA,0.002,0.045,9.00000035762787E-05,GRAMOS
PLATOS NUEVOS,Sin Envase,TACOS TEMPURA,11.5,VEGETALES ,LECHUGAS,0.0013,1.136,1.47680004835129E-03,GRAMOS
PLATOS NUEVOS,Sin Envase,TACOS TEMPURA,11.5,QUESOS / LECHE,CHEDAR,0.0066,0.682,4.50119987726212E-03,GRAMOS
PLATOS NUEVOS,Sin Envase,TACOS TEMPURA,11.5,MARISCOS,CAMARON PELADO,0.0102,1.818,1.85435995817184E-02,GRAMOS
TACOS,Sin Envase,TACOS DE LOMITO,11,VEGETALES ,CEBOLLINA,0.002,0.181,3.61999988555908E-04,GRAMOS
TACOS,Sin Envase,TACOS DE LOMITO,11,VARIOS,TORTILLAS MEJICANAS (6/5 LBS),0.0001,3,0.0003,GRAMOS
TACOS,Sin Envase,TACOS DE LOMITO,11,CARNES,CHULETA CON HUESO,0.0046,5.909,2.71813996315002E-02,GRAMOS
PLATOS NUEVOS,Sin Envase,TACOS AL CARBON DE CHORIZO,10,VEGETALES ,CEBOLLA MORADA,0.002,1.818,3.63599991798401E-03,GRAMOS
PLATOS NUEVOS,Sin Envase,TACOS DORADOS CHORIZO,10,VEGETALES ,LECHUGAS,0.0013,0.682,8.86599975824356E-04,GRAMOS
PLATOS NUEVOS,Sin Envase,TACOS AL CARBON CHULETA,10,VARIOS,TORTILLAS MEJICANAS (6/5 LBS),0.0001,3,0.0003,GRAMOS
PLATOS NUEVOS,Sin Envase,TACOS DORADOS CHORIZO,10,CARNES,CHORIZO MEJICANO,0.0067,3.636,2.43611994504929E-02,GRAMOS
PLATOS NUEVOS,Sin Envase,TACOS DORADOS DE CARNE,10,VEGETALES ,CEBOLLINA,0.002,0.045,9.00000035762787E-05,GRAMOS
PLATOS NUEVOS,Sin Envase,TACOS DORADOS DE CARNE,10,VEGETALES ,LECHUGAS,0.0013,0.682,8.86599975824356E-04,GRAMOS
PLATOS NUEVOS,Sin Envase,TACOS DORADOS DE CARNE,10,VARIOS,TORTILLAS MEJICANAS (6/5 LBS),0.0001,4,0.0004,GRAMOS
PLATOS NUEVOS,Sin Envase,TACOS DORADOS DE CARNE,10,CARNES,CARNE MOLIDA,0.0046,3.636,1.67255996227264E-02,GRAMOS
PLATOS NUEVOS,Sin Envase,TACOS DORADOS DE POLLO,10,VEGETALES ,CEBOLLINA,0.002,0.045,9.00000035762787E-05,GRAMOS
PLATOS NUEVOS,Sin Envase,TACOS DORADOS DE POLLO,10,VEGETALES ,LECHUGAS,0.0013,0.682,8.86599975824356E-04,GRAMOS
LOS NACHOS,Sin Envase,NACHO DE LA ABUELA,17,ESENCIAS,OREGANO,0.0082,0.091,7.46199984848499E-04,GRAMOS
PLATOS NUEVOS,Sin Envase,TACOS DORADOS CHORIZO,10,VEGETALES ,CEBOLLINA,0.002,0.045,9.00000035762787E-05,GRAMOS
PLATOS NUEVOS,Sin Envase,TACOS AL CARBON POLLO,10,POLLOS o AVES,PECHUGA DE POLLO,0.0047,2.727,1.28168999910355E-02,GRAMOS
QUESADILLAS,Sin Envase,QUESADILLA GRINGA,8,VARIOS,TORTILLAS MEJICANAS (6/5 LBS),0.0001,0,0,GRAMOS
PLATOS NUEVOS,Sin Envase,TACOS AL CARBON PUERCO,10,VEGETALES ,CEBOLLINA,0.002,0.045,9.00000035762787E-05,GRAMOS
PLATOS NUEVOS,Sin Envase,TACOS AL CARBON PUERCO,10,VEGETALES ,ZANAHORIA,0.001,0.273,2.73000001907349E-04,GRAMOS
PLATOS NUEVOS,Sin Envase,TACOS AL CARBON PUERCO,10,VEGETALES ,CILANTRO,0.0013,0.136,1.76800009608269E-04,GRAMOS
PLATOS NUEVOS,Sin Envase,TACOS AL CARBON PUERCO,10,VARIOS,TORTILLAS MEJICANAS (6/5 LBS),0.0001,3,0.0003,GRAMOS
PLATOS NUEVOS,Sin Envase,TACOS AL CARBON PUERCO,10,CARNES,PUERCO LISO,0.0052,2.727,1.41803999900818E-02,GRAMOS
PLATOS NUEVOS,Sin Envase,TACOS AL CARBON POLLO,10,VEGETALES ,CEBOLLINA,0.002,0.045,9.00000035762787E-05,GRAMOS
PLATOS NUEVOS,Sin Envase,TACOS AL CARBON POLLO,10,VEGETALES ,ZANAHORIA,0.001,0.273,2.73000001907349E-04,GRAMOS
PLATOS NUEVOS,Sin Envase,TACOS TEMPURA,11.5,VEGETALES ,ZANAHORIA,0.001,0.273,2.73000001907349E-04,GRAMOS
PLATOS NUEVOS,Sin Envase,TACOS AL CARBON POLLO,10,VARIOS,TORTILLAS MEJICANAS (6/5 LBS),0.0001,3,0.0003,GRAMOS
PLATOS NUEVOS,Sin Envase,TACOS AL CARBON CHULETA,10,CARNES,CHULETA,0.0047,5.909,2.77722996234894E-02,GRAMOS
PLATOS NUEVOS,Sin Envase,TACOS AL CARBON FILETE,10,VEGETALES ,CEBOLLINA,0.002,0.045,9.00000035762787E-05,GRAMOS
PLATOS NUEVOS,Sin Envase,TACOS AL CARBON FILETE,10,VEGETALES ,ZANAHORIA,0.001,0.273,2.73000001907349E-04,GRAMOS
PLATOS NUEVOS,Sin Envase,TACOS AL CARBON FILETE,10,VEGETALES ,CILANTRO,0.0013,0.136,1.76800009608269E-04,GRAMOS
PLATOS NUEVOS,Sin Envase,TACOS AL CARBON FILETE,10,CARNES,FILETE,0.0132,3.182,4.20023989677429E-02,GRAMOS
PLATOS NUEVOS,Sin Envase,TACOS AL CARBON FILETE,10,VARIOS,TORTILLAS MEJICANAS (6/5 LBS),0.0001,3,0.0003,GRAMOS
PLATOS NUEVOS,Sin Envase,TACOS AL CARBON CHULETA,10,VEGETALES ,CEBOLLINA,0.002,0.045,9.00000035762787E-05,GRAMOS
PLATOS NUEVOS,Sin Envase,TACOS AL CARBON CHULETA,10,VEGETALES ,ZANAHORIA,0.001,0.273,2.73000001907349E-04,GRAMOS
PLATOS NUEVOS,Sin Envase,TACOS AL CARBON CHULETA,10,VEGETALES ,CILANTRO,0.0013,0.136,1.76800009608269E-04,GRAMOS
PLATOS NUEVOS,Sin Envase,TACOS AL CARBON DE CHORIZO,10,QUESOS / LECHE,MONTERREY JACK,0.0066,1.818,1.19987997293472E-02,GRAMOS
PLATOS NUEVOS,Sin Envase,TACOS AL CARBON POLLO,10,VEGETALES ,CILANTRO,0.0013,0.136,1.76800009608269E-04,GRAMOS
ENCHILADAS,Sin Envase,ENCHI DIVORCIADAS DE POLLO,10.9,QUESOS / LECHE,MONTERREY JACK,0.0066,2.727,1.79981999874115E-02,GRAMOS
QUESADILLAS,Sin Envase,QUESADILLA PAPAS CHORIZO,8,VARIOS,PAPAS ,0.0013,1.363,1.77190004587173E-03,GRAMOS
FAJITAS,Sin Envase,FAJITA DE CAMARON,12.5,MARISCOS,CAMARON PELADO,0.0102,2.727,0.027815399980545,GRAMOS
FAJITAS,Sin Envase,FAJITA DE CARNE,11.5,CARNES,CARNE MOLIDA,0.0046,3.182,0.014637199640274,GRAMOS
ENCHILADAS,Sin Envase,ENCHI DE LA ABUELA,12,VARIOS,TORTILLAS MEJICANAS (6/5 LBS),0.0001,4,0.0004,GRAMOS
ENCHILADAS,Sin Envase,ENCHI DE LA ABUELA,12,QUESOS / LECHE,QUESO FRESCO,0.0066,0.682,4.50119987726212E-03,GRAMOS
ENCHILADAS,Sin Envase,ENCHI POLLO PASTOR,10.9,QUESOS / LECHE,QUESO FRESCO,0.0066,1.136,7.49760024547577E-03,GRAMOS
ENCHILADAS,Sin Envase,ENCHI POLLO PASTOR,10.9,VARIOS,TORTILLAS MEJICANAS (6/5 LBS),0.0001,4,0.0004,GRAMOS
ENCHILADAS,Sin Envase,ENCHI DIVORCIADAS DE POLLO,10.9,VEGETALES ,CILANTRO,0.0013,0.136,1.76800009608269E-04,GRAMOS
FAJITAS,Sin Envase,FAJITA ORALE,11.5,POLLOS o AVES,PECHUGA DE POLLO,0.0047,1.136,5.3392001748085E-03,GRAMOS
ENCHILADAS,Sin Envase,ENCHI DIVORCIADAS DE POLLO,10.9,POLLOS o AVES,PECHUGA DE POLLO,0.0047,2.5,0.01175,GRAMOS
FAJITAS,Sin Envase,FAJITA ORALE,11.5,CARNES,CARNE MOLIDA,0.0046,1.136,5.22560017108917E-03,GRAMOS
ENCHILADAS,Sin Envase,ENCHI DIVORCIADAS DE POLLO,10.9,VARIOS,TORTILLAS MEJICANAS (6/5 LBS),0.0001,4,0.0004,GRAMOS
ENCHILADAS,Sin Envase,ENCHI DIVORCIADAS DE CHORIZO,10.9,VEGETALES ,CILANTRO,0.0013,0.136,1.76800009608269E-04,GRAMOS
ENCHILADAS,Sin Envase,ENCHI DIVORCIADAS DE CHORIZO,10.9,QUESOS / LECHE,QUESO FRESCO,0.0066,1.136,7.49760024547577E-03,GRAMOS
ENCHILADAS,Sin Envase,ENCHI DIVORCIADAS DE CHORIZO,10.9,CARNES,CHORIZO MEJICANO,0.0067,2.5,0.01675,GRAMOS
ENCHILADAS,Sin Envase,ENCHI DIVORCIADAS DE CHORIZO,10.9,QUESOS / LECHE,MONTERREY JACK,0.0066,2.727,1.79981999874115E-02,GRAMOS
ENCHILADAS,Sin Envase,ENCHI DIVORCIADAS DE CHORIZO,10.9,VARIOS,TORTILLAS MEJICANAS (6/5 LBS),0.0001,4,0.0004,GRAMOS
ENCHILADAS,Sin Envase,ENCHI DIVORCIADAS DE CARNE,10.9,VEGETALES ,CILANTRO,0.0013,0.136,1.76800009608269E-04,GRAMOS
ENCHILADAS,Sin Envase,ENCHI DIVORCIADAS DE CARNE,10.9,QUESOS / LECHE,QUESO FRESCO,0.0066,1.136,7.49760024547577E-03,GRAMOS
ENCHILADAS,Sin Envase,ENCHI DIVORCIADAS DE POLLO,10.9,QUESOS / LECHE,QUESO FRESCO,0.0066,1.136,7.49760024547577E-03,GRAMOS
ENCHILADAS,Sin Envase,ENCHI SUIZA ROJAS,12,VARIOS,TORTILLAS MEJICANAS (6/5 LBS),0.0001,4,0.0004,GRAMOS
ENCHILADAS,Sin Envase,ENCHI SUIZA VERDE,12,CARNES,CHORIZO MEJICANO,0.0067,2.5,0.01675,GRAMOS
ENCHILADAS,Sin Envase,ENCHI SUIZA VERDE,12,CARNES,CARNE MOLIDA,0.0046,2.5,0.0115,GRAMOS
ENCHILADAS,Sin Envase,ENCHI SUIZA VERDE,12,POLLOS o AVES,PECHUGA DE POLLO,0.0047,2.5,0.01175,GRAMOS
ENCHILADAS,Sin Envase,ENCHI SUIZA VERDE,12,QUESOS / LECHE,MONTERREY JACK,0.0066,4.318,2.84987989425659E-02,GRAMOS
ENCHILADAS,Sin Envase,ENCHI SUIZA VERDE,12,VARIOS,TORTILLAS MEJICANAS (6/5 LBS),0.0001,4,0.0004,GRAMOS
ENCHILADAS,Sin Envase,ENCHI SUIZA ROJAS,12,VEGETALES ,CEBOLLA MORADA,0.002,0.182,3.63999992609024E-04,GRAMOS
ENCHILADAS,Sin Envase,ENCHI SUIZA ROJAS,12,CARNES,CHORIZO MEJICANO,0.0067,2.5,0.01675,GRAMOS
ENCHILADAS,Sin Envase,ENCHI SUIZA ROJAS,12,CARNES,CARNE MOLIDA,0.0046,2.5,0.0115,GRAMOS
FAJITAS,Sin Envase,FAJITA DE LOMITO,12.5,CARNES,CHULETA CON HUESO,0.0046,5.909,2.71813996315002E-02,GRAMOS
ENCHILADAS,Sin Envase,ENCHI SUIZA ROJAS,12,QUESOS / LECHE,MONTERREY JACK,0.0066,4.318,2.84987989425659E-02,GRAMOS
ENCHILADAS,Sin Envase,ENCHI DIVORCIADAS DE CARNE,10.9,VARIOS,TORTILLAS MEJICANAS (6/5 LBS),0.0001,4,0.0004,GRAMOS
ENCHILADAS,Sin Envase,ENCHI SUIZA DIVORCIADA,11,CARNES,CHORIZO MEJICANO,0.0067,2.5,0.01675,GRAMOS
ENCHILADAS,Sin Envase,ENCHI SUIZA DIVORCIADA,11,CARNES,CARNE MOLIDA,0.0046,2.5,0.0115,GRAMOS
ENCHILADAS,Sin Envase,ENCHI SUIZA DIVORCIADA,11,VEGETALES ,CEBOLLA MORADA,0.002,0.182,3.63999992609024E-04,GRAMOS
ENCHILADAS,Sin Envase,ENCHI SUIZA DIVORCIADA,11,POLLOS o AVES,PECHUGA DE POLLO,0.0047,2.5,0.01175,GRAMOS
ENCHILADAS,Sin Envase,ENCHI SUIZA DIVORCIADA,11,QUESOS / LECHE,MONTERREY JACK,0.0066,4.318,2.84987989425659E-02,GRAMOS
ENCHILADAS,Sin Envase,ENCHI SUIZA DIVORCIADA,11,VARIOS,TORTILLAS MEJICANAS (6/5 LBS),0.0001,4,0.0004,GRAMOS
FAJITAS,Sin Envase,FAJITA DE FILETE,13,CARNES,FILETE,0.0132,3.182,4.20023989677429E-02,GRAMOS
FAJITAS,Sin Envase,FAJITA ORALE,11.5,CARNES,PUERCO LISO,0.0052,1.136,5.90720019340515E-03,GRAMOS
ENCHILADAS,Sin Envase,ENCHI SUIZA ROJAS,12,POLLOS o AVES,PECHUGA DE POLLO,0.0047,2.5,0.01175,GRAMOS
TORTAS,Sin Envase,TORTA DE CARNE,9.6,VEGETALES ,CEBOLLA MORADA,0.002,0.364,7.27999985218048E-04,GRAMOS
TORTAS,Sin Envase,TORTA DE JAMON,9.6,VARIOS,TELERITA,0.0008,1,0.0008,GRAMOS
TORTAS,Sin Envase,TORTA DE JAMON,9.6,CARNES,JAMON COCIDO,0.0067,2.727,1.82708999872208E-02,GRAMOS
TORTAS,Sin Envase,TORTA PECHUGA DE POLLO,9.6,VEGETALES ,CEBOLLINA,0.002,0.091,1.81999996304512E-04,GRAMOS
TORTAS,Sin Envase,TORTA PECHUGA DE POLLO,9.6,VEGETALES ,CEBOLLA MORADA,0.002,0.364,7.27999985218048E-04,GRAMOS
TORTAS,Sin Envase,TORTA PECHUGA DE POLLO,9.6,VEGETALES ,TOMATE PERITA,0.0019,0.682,1.29579996466637E-03,GRAMOS
TORTAS,Sin Envase,TORTA PECHUGA DE POLLO,9.6,QUESOS / LECHE,MONTERREY JACK,0.0066,0.909,5.99939986467361E-03,GRAMOS
TORTAS,Sin Envase,TORTA PECHUGA DE POLLO,9.6,VEGETALES ,LECHUGAS,0.0013,0.682,8.86599975824356E-04,GRAMOS
TORTAS,Sin Envase,TORTA PECHUGA DE POLLO,9.6,VARIOS,TELERITA,0.0008,1,0.0008,GRAMOS
ENCHILADAS,Sin Envase,ENCHI DIVORCIADAS DE CARNE,10.9,CARNES,CARNE MOLIDA,0.0046,2.5,0.0115,GRAMOS
TORTAS,Sin Envase,TORTA DE CARNE,9.6,VEGETALES ,CEBOLLINA,0.002,0.091,1.81999996304512E-04,GRAMOS
TORTAS,Sin Envase,TORTA DE JAMON,9.6,VEGETALES ,TOMATE PERITA,0.0019,0.682,1.29579996466637E-03,GRAMOS
TORTAS,Sin Envase,TORTA DE CARNE,9.6,VEGETALES ,TOMATE PERITA,0.0019,0.682,1.29579996466637E-03,GRAMOS
TORTAS,Sin Envase,TORTA DE CARNE,9.6,QUESOS / LECHE,MONTERREY JACK,0.0066,0.909,5.99939986467361E-03,GRAMOS
TORTAS,Sin Envase,TORTA DE CARNE,9.6,VEGETALES ,LECHUGAS,0.0013,0.682,8.86599975824356E-04,GRAMOS
TORTAS,Sin Envase,TORTA DE CARNE,9.6,VARIOS,TELERITA,0.0008,1,0.0008,GRAMOS
TORTAS,Sin Envase,TORTA DE CARNE,9.6,CARNES,CARNE MOLIDA,0.0046,3.636,1.67255996227264E-02,GRAMOS
FLAUTAS,Sin Envase,FLAUTAS PANCHO VILLA,12.5,VARIOS,TORTILLAS MEJICANAS (6/5 LBS),0.0001,3,0.0003,GRAMOS
QUESADILLAS,Sin Envase,QUESADILLA SINCRONIZADA,8,VARIOS,TOTOPOS - NACHOS,0.0011,1,0.0011,GRAMOS
QUESADILLAS,Sin Envase,QUESADILLA SINCRONIZADA,8,VARIOS,TORTILLAS MEJICANAS (6/5 LBS),0.0001,2,0.0002,GRAMOS
TORTAS,Sin Envase,TORTA PECHUGA DE POLLO,9.6,POLLOS o AVES,PECHUGA DE POLLO,0.0047,2.727,1.28168999910355E-02,GRAMOS
TORTAS,Sin Envase,TORTA TRES QUESOS,9.6,VEGETALES ,CEBOLLA MORADA,0.002,0.364,7.27999985218048E-04,GRAMOS
TACOS,Sin Envase,TACOS DE FILETE,10,VARIOS,TORTILLAS MEJICANAS (6/5 LBS),0.0001,3,0.0003,GRAMOS
ENCHILADAS,Sin Envase,ENCHI ENFRIJOLADA,7,VARIOS,TORTILLAS MEJICANAS (6/5 LBS),0.0001,3,0.0003,GRAMOS
ENCHILADAS,Sin Envase,ENCHI ENJITOMATADA,7,VARIOS,TORTILLAS MEJICANAS (6/5 LBS),0.0001,3,0.0003,GRAMOS
ARROZ A LA MEXICANA,Sin Envase,ARROZ CON POLLO,8,VARIOS,TOTOPOS - NACHOS,0.0011,10,0.011,GRAMOS
ARROZ A LA MEXICANA,Sin Envase,ARROZ CON POLLO,8,VEGETALES ,CEBOLLINA,0.002,0.045,9.00000035762787E-05,GRAMOS
ARROZ A LA MEXICANA,Sin Envase,ARROZ CON CHORIZO,8,VEGETALES ,CEBOLLINA,0.002,0.045,9.00000035762787E-05,GRAMOS
ARROZ A LA MEXICANA,Sin Envase,ARROZ CON CHORIZO,8,VARIOS,TOTOPOS - NACHOS,0.0011,10,0.011,GRAMOS
ARROZ A LA MEXICANA,Sin Envase,ARROZ CON CARNE,8,VEGETALES ,CEBOLLINA,0.002,0.045,9.00000035762787E-05,GRAMOS
TORTAS,Sin Envase,TORTA DE JAMON,9.6,VEGETALES ,LECHUGAS,0.0013,0.682,8.86599975824356E-04,GRAMOS
TORTAS,Sin Envase,TORTA TRES QUESOS,9.6,VEGETALES ,CEBOLLINA,0.002,0.091,1.81999996304512E-04,GRAMOS
TORTAS,Sin Envase,TORTA DE JAMON,9.6,QUESOS / LECHE,MONTERREY JACK,0.0066,0.909,5.99939986467361E-03,GRAMOS
TORTAS,Sin Envase,TORTA TRES QUESOS,9.6,VEGETALES ,TOMATE PERITA,0.0019,0.682,1.29579996466637E-03,GRAMOS
TORTAS,Sin Envase,TORTA TRES QUESOS,9.6,VEGETALES ,LECHUGAS,0.0013,0.682,8.86599975824356E-04,GRAMOS
TORTAS,Sin Envase,TORTA TRES QUESOS,9.6,VARIOS,TELERITA,0.0008,1,0.0008,GRAMOS
TORTAS,Sin Envase,TORTA TRES QUESOS,9.6,QUESOS / LECHE,QUESO FRESCO,0.0066,0.909,5.99939986467361E-03,GRAMOS
TORTAS,Sin Envase,TORTA TRES QUESOS,9.6,QUESOS / LECHE,MONTERREY JACK,0.0066,0.909,5.99939986467361E-03,GRAMOS
TORTAS,Sin Envase,TORTA TRES QUESOS,9.6,QUESOS / LECHE,CHEDAR,0.0066,0.909,5.99939986467361E-03,GRAMOS
TORTAS,Sin Envase,TORTA DE JAMON,9.6,VEGETALES ,CEBOLLINA,0.002,0.091,1.81999996304512E-04,GRAMOS
TORTAS,Sin Envase,TORTA DE JAMON,9.6,VEGETALES ,CEBOLLA MORADA,0.002,0.364,7.27999985218048E-04,GRAMOS
ENCHILADAS,Sin Envase,ENCHI DIVORCIADAS DE CARNE,10.9,QUESOS / LECHE,MONTERREY JACK,0.0066,2.727,1.79981999874115E-02,GRAMOS
ARROZ A LA MEXICANA,Sin Envase,ARROZ CON CARNE,8,VARIOS,TOTOPOS - NACHOS,0.0011,10,0.011,GRAMOS
LOS ALAMBRES,Sin Envase,ALAMBRE MAR y TIERRA,11.5,VEGETALES ,CEBOLLINA,0.002,0.045,9.00000035762787E-05,GRAMOS
TACOS,Sin Envase,TACOS DE POLLO,8,VEGETALES ,CEBOLLINA,0.002,0.045,9.00000035762787E-05,GRAMOS
TACOS,Sin Envase,TACOS AL PASTOR,8,ESENCIAS,OREGANO,0.0082,0.045,3.69000014662743E-04,GRAMOS
LOS ALAMBRES,Sin Envase,ALAMBRE CAMARON,12.5,CARNES,TOCINO,0.0052,0.273,1.41960000991821E-03,GRAMOS
LOS ALAMBRES,Sin Envase,ALAMBRE CAMARON,12.5,VEGETALES ,CEBOLLINA,0.002,0.045,9.00000035762787E-05,GRAMOS
LOS ALAMBRES,Sin Envase,ALAMBRE LOMITO,12.5,VEGETALES ,CEBOLLINA,0.002,0.045,9.00000035762787E-05,GRAMOS
LOS ALAMBRES,Sin Envase,ALAMBRE LOMITO,12.5,VARIOS,TORTILLAS MEJICANAS (6/5 LBS),0.0001,3,0.0003,GRAMOS
LOS ALAMBRES,Sin Envase,ALAMBRE LOMITO,12.5,CARNES,TOCINO,0.0052,0.273,1.41960000991821E-03,GRAMOS
LOS ALAMBRES,Sin Envase,ALAMBRE LOMITO,12.5,CARNES,CHULETA CON HUESO,0.0046,5.909,2.71813996315002E-02,GRAMOS
LOS ALAMBRES,Sin Envase,ALAMBRE FILETE,12.5,CARNES,TOCINO,0.0052,0.273,1.41960000991821E-03,GRAMOS
LOS ALAMBRES,Sin Envase,ALAMBRE MAR y TIERRA,11.5,CARNES,TOCINO,0.0052,0.273,1.41960000991821E-03,GRAMOS
LOS ALAMBRES,Sin Envase,ALAMBRE FILETE,12.5,VARIOS,TORTILLAS MEJICANAS (6/5 LBS),0.0001,3,0.0003,GRAMOS
LOS ALAMBRES,Sin Envase,ALAMBRE CHULETA,11.5,VEGETALES ,CEBOLLINA,0.002,0.045,9.00000035762787E-05,GRAMOS
LOS ALAMBRES,Sin Envase,ALAMBRE CHULETA,11.5,CARNES,TOCINO,0.0052,0.273,1.41960000991821E-03,GRAMOS
LOS ALAMBRES,Sin Envase,ALAMBRE CHULETA,11.5,CARNES,CHULETA CON HUESO,0.0046,5.909,2.71813996315002E-02,GRAMOS
LOS ALAMBRES,Sin Envase,ALAMBRE CHULETA,11.5,VARIOS,TORTILLAS MEJICANAS (6/5 LBS),0.0001,3,0.0003,GRAMOS
LOS ALAMBRES,Sin Envase,ALAMBRE CHARRO,11.5,VEGETALES ,CEBOLLINA,0.002,0.045,9.00000035762787E-05,GRAMOS
LOS ALAMBRES,Sin Envase,ALAMBRE CHARRO,11.5,VARIOS,TORTILLAS MEJICANAS (6/5 LBS),0.0001,3,0.0003,GRAMOS
LOS ALAMBRES,Sin Envase,ALAMBRE CHARRO,11.5,CARNES,TOCINO,0.0052,0.273,1.41960000991821E-03,GRAMOS
LOS ALAMBRES,Sin Envase,ALAMBRE ORALE,11.5,VEGETALES ,CEBOLLINA,0.002,0.045,9.00000035762787E-05,GRAMOS
LOS ALAMBRES,Sin Envase,ALAMBRE MAR y TIERRA,11.5,VARIOS,TORTILLAS MEJICANAS (6/5 LBS),0.0001,3,0.0003,GRAMOS
LOS NACHOS,Sin Envase,NACHOS DE CHORIZO,14,VARIOS,TOTOPOS - NACHOS,0.0011,54,0.0594,GRAMOS
PLATOS NUEVOS,Sin Envase,TACOS DORADOS DE POLLO,10,VARIOS,TORTILLAS MEJICANAS (6/5 LBS),0.0001,4,0.0004,GRAMOS
LOS NACHOS,Sin Envase,NACHO NORTENO DE CARNE,14,VARIOS,TOTOPOS - NACHOS,0.0011,54,0.0594,GRAMOS
LOS NACHOS,Sin Envase,NACHO NORTENO DE CHORIZO,14,CARNES,CHORIZO MEJICANO,0.0067,4.091,2.74097005367279E-02,GRAMOS
LOS NACHOS,Sin Envase,NACHO NORTENO DE CHORIZO,14,VARIOS,TOTOPOS - NACHOS,0.0011,54,0.0594,GRAMOS
LOS NACHOS,Sin Envase,NACHO NORTENO DE POLLO,14,POLLOS o AVES,PECHUGA DE POLLO,0.0047,4.091,1.92277003765106E-02,GRAMOS
LOS NACHOS,Sin Envase,   .....................................,0,QUESOS / LECHE,CHEDAR,0.0066,4.545,0.02999700050354,GRAMOS
LOS NACHOS,Sin Envase,NACHO NORTENO DE POLLO,14,VARIOS,TOTOPOS - NACHOS,0.0011,54,0.0594,GRAMOS
LOS NACHOS,Sin Envase,NACHO VEGETARIANO,14,VARIOS,TOTOPOS - NACHOS,0.0011,54,0.0594,GRAMOS
LOS ALAMBRES,Sin Envase,ALAMBRE CAMARON,12.5,VARIOS,TORTILLAS MEJICANAS (6/5 LBS),0.0001,3,0.0003,GRAMOS
LOS NACHOS,Sin Envase,NACHO ORALE,14,VARIOS,TOTOPOS - NACHOS,0.0011,54,0.0594,GRAMOS
LOS ALAMBRES,Sin Envase,ALAMBRE MARISCOS,10,VEGETALES ,CEBOLLINA,0.002,0.045,9.00000035762787E-05,GRAMOS
LOS NACHOS,Sin Envase,NACHOS DE CARNE,14,CARNES,CARNE MOLIDA,0.0046,4.091,1.88186003684998E-02,GRAMOS
LOS NACHOS,Sin Envase,NACHOS DE CARNE,14,QUESOS / LECHE,MONTERREY JACK,0.0066,4.545,0.02999700050354,GRAMOS
LOS NACHOS,Sin Envase,NACHOS DE CARNE,14,VARIOS,TOTOPOS - NACHOS,0.0011,54,0.0594,GRAMOS
LOS NACHOS,Sin Envase,NACHOS DE POLLO,14,VARIOS,TOTOPOS - NACHOS,0.0011,54,0.0594,GRAMOS
LOS ALAMBRES,Sin Envase,ALAMBRE DE LA ABUELA,12.5,VARIOS,TORTILLAS MEJICANAS (6/5 LBS),0.0001,3,0.0003,GRAMOS
LOS ALAMBRES,Sin Envase,ALAMBRE DE LA ABUELA,12.5,VEGETALES ,CEBOLLINA,0.002,0.045,9.00000035762787E-05,GRAMOS
LOS ALAMBRES,Sin Envase,ALAMBRE DE LA ABUELA,12.5,QUESOS / LECHE,QUESO FRESCO,0.0066,0.909,5.99939986467361E-03,GRAMOS
LOS ALAMBRES,Sin Envase,ALAMBRE FILETE,12.5,VEGETALES ,CEBOLLINA,0.002,0.045,9.00000035762787E-05,GRAMOS
LOS NACHOS,Sin Envase,NACHO DE LA ABUELA,17,VARIOS,TOTOPOS - NACHOS,0.0011,54,0.0594,GRAMOS
TACOS,Sin Envase,TACOS DE POLLO,8,VARIOS,TORTILLAS MEJICANAS (6/5 LBS),0.0001,3,0.0003,GRAMOS
ENTRADAS,Sin Envase,FUNDIDO CON RAJAS,8.75,VARIOS,TOTOPOS - NACHOS,0.0011,22,0.0242,GRAMOS
ENTRADAS,Sin Envase,FUNDIDO CON HONGOS,8.75,VARIOS,HONGOS,0.0013,0.909,1.1816999733448E-03,GRAMOS
ENTRADAS,Sin Envase,FUNDIDO CON HONGOS,8.75,VEGETALES ,CEBOLLINA,0.002,0.045,9.00000035762787E-05,GRAMOS
ENTRADAS,Sin Envase,FUNDIDO CON HONGOS,8.75,VARIOS,TOTOPOS - NACHOS,0.0011,22,0.0242,GRAMOS
TACOS,Sin Envase,TACOS DE PULPO,8,ESENCIAS,OREGANO,0.0082,0.045,3.69000014662743E-04,GRAMOS
TACOS,Sin Envase,TACOS DE PULPO,8,VARIOS,TORTILLAS MEJICANAS (6/5 LBS),0.0001,3,0.0003,GRAMOS
TACOS,Sin Envase,TACOS DE PULPO,8,VEGETALES ,CEBOLLA,0.002,0.455,9.10000026226044E-04,GRAMOS
TACOS,Sin Envase,TACO DE CARNE,8,VARIOS,TORTILLAS MEJICANAS (6/5 LBS),0.0001,3,0.0003,GRAMOS
LOS ALAMBRES,Sin Envase,ALAMBRE ORALE,11.5,VARIOS,TORTILLAS MEJICANAS (6/5 LBS),0.0001,3,0.0003,GRAMOS
TACOS,Sin Envase,TACOS DE POLLO,8,ESENCIAS,OREGANO,0.0082,0.045,3.69000014662743E-04,GRAMOS
ENTRADAS,Sin Envase,CAZUELA AZTECA MIXTA,10,VARIOS,TOTOPOS - NACHOS,0.0011,22,0.0242,GRAMOS
LOS NACHOS,Sin Envase,NACHOS DE POLLO,14,QUESOS / LECHE,CREMA CULTIVADA DE 5 LBS,0.0162,1.136,1.84032006025314E-02,GRAMOS
LOS NACHOS,Sin Envase,NACHOS DE POLLO,14,ESENCIAS,OREGANO,0.0082,0.091,7.46199984848499E-04,GRAMOS
LOS NACHOS,Sin Envase,NACHOS DE CARNE,14,QUESOS / LECHE,CREMA CULTIVADA DE 5 LBS,0.0162,1.136,1.84032006025314E-02,GRAMOS
ENCHILADAS,Sin Envase,ENCHI SUIZA VERDE,12,VEGETALES ,CEBOLLA MORADA,0.002,0.182,3.63999992609024E-04,GRAMOS
LOS NACHOS,Sin Envase,NACHO VEGETARIANO,14,QUESOS / LECHE,CREMA CULTIVADA DE 5 LBS,0.0162,1.136,1.84032006025314E-02,GRAMOS
ENTRADAS,Sin Envase,TOSTADAS DE CARNE,5,VEGETALES ,LECHUGAS,0.0013,0.909,1.1816999733448E-03,GRAMOS
FAJITAS,Sin Envase,FAJITA DE POLLO,11.5,POLLOS o AVES,PECHUGA DE POLLO,0.0047,3.636,1.70891996145248E-02,GRAMOS
ENCHILADAS,Sin Envase,ENCHI DE LA ABUELA,12,CARNES,CARNE MOLIDA,0.0046,0.8333,3.83317997455597E-03,GRAMOS
TACOS,Sin Envase,TACO DE CARNE,8,ESENCIAS,OREGANO,0.0082,0.045,3.69000014662743E-04,GRAMOS
LOS ALAMBRES,Sin Envase,ALAMBRE PUERCO,10,VEGETALES ,CEBOLLINA,0.002,0.045,9.00000035762787E-05,GRAMOS
TACOS,Sin Envase,TACO DE CARNE,8,VEGETALES ,CEBOLLINA,0.002,0.045,9.00000035762787E-05,GRAMOS
LOS ALAMBRES,Sin Envase,ALAMBRE MARISCOS,10,VARIOS,TORTILLAS MEJICANAS (6/5 LBS),0.0001,3,0.0003,GRAMOS
LOS ALAMBRES,Sin Envase,ALAMBRE PULPO,10,VEGETALES ,CEBOLLINA,0.002,0.045,9.00000035762787E-05,GRAMOS
LOS ALAMBRES,Sin Envase,ALAMBRE PULPO,10,VARIOS,TORTILLAS MEJICANAS (6/5 LBS),0.0001,3,0.0003,GRAMOS
LOS ALAMBRES,Sin Envase,ALAMBRE PASTOR,10,VEGETALES ,CEBOLLINA,0.002,0.045,9.00000035762787E-05,GRAMOS
LOS ALAMBRES,Sin Envase,ALAMBRE PASTOR,10,VARIOS,TORTILLAS MEJICANAS (6/5 LBS),0.0001,3,0.0003,GRAMOS
LOS ALAMBRES,Sin Envase,ALAMBRE PASTOR,10,CARNES,TOCINO,0.0052,0.273,1.41960000991821E-03,GRAMOS
LOS ALAMBRES,Sin Envase,ALAMBRE CHORIZO,10,VARIOS,TORTILLAS MEJICANAS (6/5 LBS),0.0001,3,0.0003,GRAMOS
ENTRADAS,Sin Envase,FUNDIDO CON RAJAS,8.75,VEGETALES ,CEBOLLINA,0.002,0.045,9.00000035762787E-05,GRAMOS
LOS ALAMBRES,Sin Envase,ALAMBRE CHORIZO,10,VEGETALES ,CEBOLLINA,0.002,0.045,9.00000035762787E-05,GRAMOS
ENTRADAS,Sin Envase,GUACAMOLE PANCHO VILLA,10,VEGETALES ,CEBOLLINA,0.002,0.045,9.00000035762787E-05,GRAMOS
LOS ALAMBRES,Sin Envase,ALAMBRE PUERCO,10,VARIOS,TORTILLAS MEJICANAS (6/5 LBS),0.0001,3,0.0003,GRAMOS
LOS ALAMBRES,Sin Envase,ALAMBRE PUERCO,10,CARNES,TOCINO,0.0052,0.273,1.41960000991821E-03,GRAMOS
LOS ALAMBRES,Sin Envase,ALAMBRE CARNE,10,VEGETALES ,CEBOLLINA,0.002,0.045,9.00000035762787E-05,GRAMOS
LOS ALAMBRES,Sin Envase,ALAMBRE CARNE,10,VARIOS,TORTILLAS MEJICANAS (6/5 LBS),0.0001,3,0.0003,GRAMOS
LOS ALAMBRES,Sin Envase,ALAMBRE CARNE,10,CARNES,TOCINO,0.0052,0.273,1.41960000991821E-03,GRAMOS
LOS ALAMBRES,Sin Envase,ALAMBRES POLLO,10,VEGETALES ,CEBOLLINA,0.002,0.045,9.00000035762787E-05,GRAMOS
LOS ALAMBRES,Sin Envase,ALAMBRES POLLO,10,VARIOS,TORTILLAS MEJICANAS (6/5 LBS),0.0001,3,0.0003,GRAMOS
ENTRADAS,Sin Envase,CAZUELA AZTECA MIXTA,10,VEGETALES ,CEBOLLINA,0.002,0.045,9.00000035762787E-05,GRAMOS
LOS ALAMBRES,Sin Envase,ALAMBRE ORALE,11.5,CARNES,TOCINO,0.0052,0.273,1.41960000991821E-03,GRAMOS
LOS ALAMBRES,Sin Envase,ALAMBRE CHORIZO,10,CARNES,TOCINO,0.0052,0.273,1.41960000991821E-03,GRAMOS
FLAUTAS,Sin Envase,FLAUTA CAMARON,11,QUESOS / LECHE,QUESO FRESCO,0.0066,0.909,5.99939986467361E-03,GRAMOS
LOS NACHOS,Sin Envase,NACHO NORTENO DE CARNE,14,CARNES,CARNE MOLIDA,0.0046,4.091,1.88186003684998E-02,GRAMOS
TACOS,Sin Envase,TACO HUASTECO VERDE CARNE,10,CARNES,CARNE MOLIDA,0.0046,3.636,1.67255996227264E-02,GRAMOS
TACOS,Sin Envase,TACO HUASTECO ROJO PUERCO,10,VEGETALES ,ZANAHORIA,0.001,0.273,2.73000001907349E-04,GRAMOS
TACOS,Sin Envase,TACO HUASTECO ROJO PUERCO,10,VEGETALES ,CEBOLLINA,0.002,0.045,9.00000035762787E-05,GRAMOS
TACOS,Sin Envase,TACO HUASTECO ROJO PUERCO,10,VARIOS,TORTILLAS MEJICANAS (6/5 LBS),0.0001,3,0.0003,GRAMOS
TACOS,Sin Envase,TACO HUASTECO ROJO PUERCO,10,VEGETALES ,CILANTRO,0.0013,0.045,5.85000023245811E-05,GRAMOS
TACOS,Sin Envase,TACO HUASTECO ROJO PUERCO,10,CARNES,PUERCO LISO,0.0052,3.636,1.89071995735168E-02,GRAMOS
TACOS,Sin Envase,TACO HUASTECO ROJO POLLO,10,VEGETALES ,ZANAHORIA,0.001,0.273,2.73000001907349E-04,GRAMOS
TACOS,Sin Envase,TACO HUASTECO VERDE CARNE,10,VARIOS,TORTILLAS MEJICANAS (6/5 LBS),0.0001,3,0.0003,GRAMOS
FLAUTAS,Sin Envase,FLAUTA QUESO,10,QUESOS / LECHE,QUESO FRESCO,0.0066,1.82,1.20120003461838E-02,GRAMOS
TACOS,Sin Envase,TACO HUASTECO VERDE CARNE,10,VEGETALES ,CEBOLLINA,0.002,0.045,9.00000035762787E-05,GRAMOS
FLAUTAS,Sin Envase,FLAUTA CAMARON,11,MARISCOS,CAMARON PELADO,0.0102,0.909,9.27179979085922E-03,GRAMOS
FAJITAS,Sin Envase,FAJITA DE PUERCO,11.5,CARNES,PUERCO LISO,0.0052,2.736,1.42272003173828E-02,GRAMOS
TACOS,Sin Envase,TACO HUASTECO ROJO POLLO,10,QUESOS / LECHE,QUESO FRESCO,0.0066,1.818,1.19987997293472E-02,GRAMOS
TACOS,Sin Envase,TACO HUASTECO ROJO POLLO,10,VEGETALES ,CEBOLLINA,0.002,0.045,9.00000035762787E-05,GRAMOS
TACOS,Sin Envase,TACO HUASTECO ROJO POLLO,10,VARIOS,TORTILLAS MEJICANAS (6/5 LBS),0.0001,3,0.0003,GRAMOS
TACOS,Sin Envase,TACO HUASTECO ROJO POLLO,10,VEGETALES ,CILANTRO,0.0013,0.045,5.85000023245811E-05,GRAMOS
TACOS,Sin Envase,TACO HUASTECO ROJO POLLO,10,POLLOS o AVES,PECHUGA DE POLLO,0.0047,3.636,1.70891996145248E-02,GRAMOS
TACOS,Sin Envase,TACO HUASTECO ROJO CARNE,10,VEGETALES ,ZANAHORIA,0.001,0.273,2.73000001907349E-04,GRAMOS
TWITTEROS,Sin Envase,PUEBLO DE CHORIZO,5,CARNES,CHORIZO MEJICANO,0.0067,0.909,6.09029986262321E-03,GRAMOS
TACOS,Sin Envase,TACO HUASTECO VERDE PUERCO,10,QUESOS / LECHE,QUESO FRESCO,0.0066,1.818,1.19987997293472E-02,GRAMOS
TACOS,Sin Envase,TACOS DE FILETE,10,VEGETALES ,CEBOLLINA,0.002,0.045,9.00000035762787E-05,GRAMOS
TACOS,Sin Envase,TACOS CANTINFLAS,10,VEGETALES ,CEBOLLINA,0.002,0.045,9.00000035762787E-05,GRAMOS
TACOS,Sin Envase,TACOS CANTINFLAS,10,QUESOS / LECHE,QUESO FRESCO,0.0066,0.455,3.00300008654594E-03,GRAMOS
TACOS,Sin Envase,TACOS CANTINFLAS,10,VARIOS,TORTILLAS MEJICANAS (6/5 LBS),0.0001,3,0.0003,GRAMOS
TACOS,Sin Envase,TACO ORALE,10,VEGETALES ,CEBOLLINA,0.002,0.045,9.00000035762787E-05,GRAMOS
TACOS,Sin Envase,TACO ORALE,10,VARIOS,TORTILLAS MEJICANAS (6/5 LBS),0.0001,3,0.0003,GRAMOS
TACOS,Sin Envase,TACO HUASTECO VERDE PUERCO,10,VEGETALES ,ZANAHORIA,0.001,0.273,2.73000001907349E-04,GRAMOS
TACOS,Sin Envase,TACO HUASTECO VERDE PUERCO,10,VEGETALES ,CEBOLLINA,0.002,0.045,9.00000035762787E-05,GRAMOS
TACOS,Sin Envase,TACO HUASTECO VERDE CARNE,10,VEGETALES ,CILANTRO,0.0013,0.045,5.85000023245811E-05,GRAMOS
TACOS,Sin Envase,TACO HUASTECO VERDE PUERCO,10,VEGETALES ,CILANTRO,0.0013,0.045,5.85000023245811E-05,GRAMOS
TACOS,Sin Envase,TACO HUASTECO ROJO CARNE,10,VEGETALES ,CILANTRO,0.0013,0.045,5.85000023245811E-05,GRAMOS
TACOS,Sin Envase,TACO HUASTECO VERDE PUERCO,10,CARNES,PUERCO LISO,0.0052,3.636,1.89071995735168E-02,GRAMOS
TACOS,Sin Envase,TACO HUASTECO VERDE POLLO,10,QUESOS / LECHE,QUESO FRESCO,0.0066,1.818,1.19987997293472E-02,GRAMOS
TACOS,Sin Envase,TACO HUASTECO VERDE CARNE,10,QUESOS / LECHE,QUESO FRESCO,0.0066,1.818,1.19987997293472E-02,GRAMOS
TACOS,Sin Envase,TACO HUASTECO ROJO PUERCO,10,QUESOS / LECHE,QUESO FRESCO,0.0066,1.818,1.19987997293472E-02,GRAMOS
TACOS,Sin Envase,TACO HUASTECO VERDE POLLO,10,VEGETALES ,CEBOLLINA,0.002,0.045,9.00000035762787E-05,GRAMOS
TACOS,Sin Envase,TACO HUASTECO VERDE POLLO,10,VARIOS,TORTILLAS MEJICANAS (6/5 LBS),0.0001,3,0.0003,GRAMOS
TACOS,Sin Envase,TACO HUASTECO VERDE POLLO,10,POLLOS o AVES,PECHUGA DE POLLO,0.0047,3.636,1.70891996145248E-02,GRAMOS
TACOS,Sin Envase,TACO HUASTECO VERDE CARNE,10,VEGETALES ,ZANAHORIA,0.001,0.273,2.73000001907349E-04,GRAMOS
TACOS,Sin Envase,TACO HUASTECO VERDE PUERCO,10,VARIOS,TORTILLAS MEJICANAS (6/5 LBS),0.0001,3,0.0003,GRAMOS
TACOS,Sin Envase,TACOS AL PASTOR,8,VEGETALES ,CEBOLLA,0.002,0.455,9.10000026226044E-04,GRAMOS
TACOS,Sin Envase,TACO NORTENO CARNE,8.25,QUESOS / LECHE,CHEDAR,0.0066,0.682,4.50119987726212E-03,GRAMOS
TACOS,Sin Envase,TACO NORTENO CARNE,8.25,CARNES,CARNE MOLIDA,0.0046,1.364,6.27439982891083E-03,GRAMOS
TACOS,Sin Envase,TACO NORTENO POLLO,8.25,VEGETALES ,ZANAHORIA,0.001,0.273,2.73000001907349E-04,GRAMOS
TACOS,Sin Envase,TACOS DE CHORIZO,8,VARIOS,TORTILLAS MEJICANAS (6/5 LBS),0.0001,3,0.0003,GRAMOS
TACOS,Sin Envase,TACOS DE CHORIZO,8,VEGETALES ,CEBOLLA,0.002,0.455,9.10000026226044E-04,GRAMOS
TACOS,Sin Envase,TACOS DE CHORIZO,8,ESENCIAS,OREGANO,0.0082,0.045,3.69000014662743E-04,GRAMOS
TACOS,Sin Envase,TACOS POLLO PASTOR,8,ESENCIAS,OREGANO,0.0082,0.045,3.69000014662743E-04,GRAMOS
TACOS,Sin Envase,TACOS POLLO PASTOR,8,VEGETALES ,CEBOLLA,0.002,0.455,9.10000026226044E-04,GRAMOS
TACOS,Sin Envase,TACO HUASTECO ROJO CARNE,10,VEGETALES ,CEBOLLINA,0.002,0.045,9.00000035762787E-05,GRAMOS
TACOS,Sin Envase,TACOS AL PASTOR,8,VARIOS,TORTILLAS MEJICANAS (6/5 LBS),0.0001,3,0.0003,GRAMOS
TACOS,Sin Envase,TACO NORTENO CARNE,8.25,VEGETALES ,CEBOLLINA,0.002,0.045,9.00000035762787E-05,GRAMOS
TACOS,Sin Envase,TACO NORTENO POLLO,8.25,VEGETALES ,CEBOLLA MORADA,0.002,0.182,3.63999992609024E-04,GRAMOS
TACOS,Sin Envase,TACO NORTENO POLLO,8.25,VEGETALES ,LECHUGAS,0.0013,0.909,1.1816999733448E-03,GRAMOS
TACOS,Sin Envase,TACO NORTENO POLLO,8.25,QUESOS / LECHE,CHEDAR,0.0066,0.682,4.50119987726212E-03,GRAMOS
TACOS,Sin Envase,TACO NORTENO POLLO,8.25,POLLOS o AVES,PECHUGA DE POLLO,0.0047,1.364,6.4107998251915E-03,GRAMOS
TACOS,Sin Envase,TACOS DE CHORIZO,8,VEGETALES ,CEBOLLINA,0.002,0.182,3.63999992609024E-04,GRAMOS
TACOS,Sin Envase,TACOS POLLO PASTOR,8,VEGETALES ,CEBOLLINA,0.002,0.045,9.00000035762787E-05,GRAMOS
TACOS,Sin Envase,TACOS AL PASTOR,8,VEGETALES ,CEBOLLINA,0.002,0.045,9.00000035762787E-05,GRAMOS
TACOS,Sin Envase,TACOS DE PULPO,8,VEGETALES ,CEBOLLINA,0.002,0.045,9.00000035762787E-05,GRAMOS
TACOS,Sin Envase,TACOS POLLO PASTOR,8,VARIOS,TORTILLAS MEJICANAS (6/5 LBS),0.0001,3,0.0003,GRAMOS
TACOS,Sin Envase,TACOS DE CAMARON,10,VEGETALES ,CEBOLLINA,0.002,0.045,9.00000035762787E-05,GRAMOS
ENCHILADAS,Sin Envase,ENCHI DE LA ABUELA,12,CARNES,CHORIZO MEJICANO,0.0067,0.8333,5.58310996294022E-03,GRAMOS
TACOS,Sin Envase,   PARA LLEVAR,0,VEGETALES ,ZANAHORIA,0.001,0.273,2.73000001907349E-04,GRAMOS
TACOS,Sin Envase,   PARA LLEVAR,0,VEGETALES ,CEBOLLINA,0.002,0.045,9.00000035762787E-05,GRAMOS
TACOS,Sin Envase,   PARA LLEVAR,0,VARIOS,TORTILLAS MEJICANAS (6/5 LBS),0.0001,3,0.0003,GRAMOS
TACOS,Sin Envase,   PARA LLEVAR,0,VEGETALES ,CILANTRO,0.0013,0.045,5.85000023245811E-05,GRAMOS
TACOS,Sin Envase,TACO HUASTECO ROJO CARNE,10,QUESOS / LECHE,QUESO FRESCO,0.0066,1.818,1.19987997293472E-02,GRAMOS
TACOS,Sin Envase,TACO HUASTECO ROJO CARNE,10,CARNES,CARNE MOLIDA,0.0046,3.636,1.67255996227264E-02,GRAMOS
TACOS,Sin Envase,TACOS DE CHULETA,10,VEGETALES ,CEBOLLINA,0.002,0.045,9.00000035762787E-05,GRAMOS
TACOS,Sin Envase,TACO NORTENO CARNE,8.25,VEGETALES ,LECHUGAS,0.0013,0.909,1.1816999733448E-03,GRAMOS
TACOS,Sin Envase,TACOS DE CHULETA,10,CARNES,CHULETA CON HUESO,0.0046,5.909,2.71813996315002E-02,GRAMOS
TACOS,Sin Envase,TACO NORTENO CARNE,8.25,VEGETALES ,CEBOLLA MORADA,0.002,0.182,3.63999992609024E-04,GRAMOS
TACOS,Sin Envase,TACO CARNE ENCEBOLLADA,8,VEGETALES ,CEBOLLINA,0.002,0.045,9.00000035762787E-05,GRAMOS
TACOS,Sin Envase,TACO NORTENO CHORIZO,8.25,VEGETALES ,ZANAHORIA,0.001,0.273,2.73000001907349E-04,GRAMOS
TACOS,Sin Envase,TACO NORTENO CHORIZO,8.25,VEGETALES ,CEBOLLINA,0.002,0.045,9.00000035762787E-05,GRAMOS
TACOS,Sin Envase,TACO NORTENO CHORIZO,8.25,VEGETALES ,CEBOLLA MORADA,0.002,0.182,3.63999992609024E-04,GRAMOS
TACOS,Sin Envase,TACO NORTENO CHORIZO,8.25,VEGETALES ,LECHUGAS,0.0013,0.909,1.1816999733448E-03,GRAMOS
TACOS,Sin Envase,TACO NORTENO CHORIZO,8.25,QUESOS / LECHE,CHEDAR,0.0066,0.682,4.50119987726212E-03,GRAMOS
TACOS,Sin Envase,TACO NORTENO CHORIZO,8.25,CARNES,CHORIZO MEJICANO,0.0067,1.364,9.1387997508049E-03,GRAMOS
TACOS,Sin Envase,TACO NORTENO CARNE,8.25,VEGETALES ,ZANAHORIA,0.001,0.273,2.73000001907349E-04,GRAMOS
TACOS,Sin Envase,TACO HUASTECO ROJO CARNE,10,VARIOS,TORTILLAS MEJICANAS (6/5 LBS),0.0001,3,0.0003,GRAMOS
TACOS,Sin Envase,TACOS DE CHULETA,10,VARIOS,TORTILLAS MEJICANAS (6/5 LBS),0.0001,3,0.0003,GRAMOS
